/* --------------------------
		COMANDOS DDL        |
		 (Criação)          |
----------------------------- */

-- 1.1. Criação dos tipos de Cargos (roles) que o Usuário pode ter (ENUM)
CREATE TYPE CARGOS_USUARIO_ENUM AS ENUM (
	'ADMIN', 
	'COLABORADOR'
);

-- 1.2. Tabela de Usuários
CREATE TABLE USUARIO (
	id_usuario INTEGER 				PRIMARY KEY,
	username   VARCHAR(100) 		NOT NULL UNIQUE,
	senha      VARCHAR(100) 		NOT NULL,
	nome       VARCHAR(100) 		NOT NULL,
	cargo      CARGOS_USUARIO_ENUM	NOT NULL
);

-- 2. Tabela de Logs de Acesso
CREATE TABLE LOG_ACESSO (
	id_log 	   		 SERIAL 		PRIMARY KEY,
	id_usuario 		 INTEGER	 	NOT NULL,
	hora       		 TIME		 	NOT NULL,
	data       		 DATE 			NOT NULL,
	status_tentativa VARCHAR 		NOT NULL,
	ip_origem		 VARCHAR,
	FOREIGN KEY (id_usuario) REFERENCES USUARIO(id_usuario)
);

-- 3.1 Criação dos tipos de despesa possíveis
CREATE TYPE TIPO_DESPESA_ENUM AS ENUM (
	'PESSOAL', 
	'UTILIDADE', 
	'INSUMO',
	'OPERACIONAL',
	'OUTROS'
);

-- 3.2 Tabela de Despesas
CREATE TABLE DESPESA (
	id_despesa 	 INTEGER 			PRIMARY KEY,
	id_usuario 	 INTEGER 			NOT NULL,
	data	   	 DATE	   			NOT NULL,
	valor	   	 DECIMAL 			NOT NULL,
	descricao	 VARCHAR(100),
	tipo_despesa TIPO_DESPESA_ENUM	NOT NULL,
	FOREIGN KEY (id_usuario) REFERENCES USUARIO(id_usuario)
);

-- 4. Tabela de Despesas com Pessoal
CREATE TABLE DESPESA_PESSOAL (
	id_despesa   	INTEGER			PRIMARY KEY,
	tipo_pessoal 	VARCHAR(100)	NOT NULL,
	FOREIGN KEY (id_despesa) REFERENCES DESPESA(id_despesa)
);

-- 5. Tabela de Despesas com Utilidades
CREATE TABLE DESPESA_UTILIDADE (
	id_despesa     	INTEGER			PRIMARY KEY,
	tipo_utilidade 	VARCHAR(100)	NOT NULL,
	FOREIGN KEY (id_despesa) REFERENCES DESPESA(id_despesa)
);

-- 6. Tabela de Despesas com Insumos
CREATE TABLE DESPESA_INSUMO (
	id_despesa   	INTEGER			PRIMARY KEY,
	nome_insumo  	VARCHAR(100)	NOT NULL,
	quantidade		DECIMAL			NOT NULL,
	preco_unitario	DECIMAL			NOT NULL,
	FOREIGN KEY (id_despesa) REFERENCES DESPESA(id_despesa)
);

-- 7. Tabela de Despesas com Operacional
CREATE TABLE DESPESA_OPERACIONAL (
	id_despesa   	 INTEGER		PRIMARY KEY,
	tipo_operacional VARCHAR(100)	NOT NULL,
	FOREIGN KEY (id_despesa) REFERENCES DESPESA(id_despesa)
);

-- 8. Tabela de Despesas com Outros
CREATE TABLE DESPESA_OUTROS (
	id_despesa   	 INTEGER		PRIMARY KEY,
	FOREIGN KEY (id_despesa) REFERENCES DESPESA(id_despesa)
);

-- 9. Tabela de Preço de Venda
CREATE TABLE PRECO_VENDA (
	id_preco_venda	 	 INTEGER 	PRIMARY KEY,
	valor_unitario	 	 DECIMAL	NOT NULL,
	data_vigencia_inicio DATE		NOT NULL,
	data_vigencia_fim	 DATE
);

-- 10. Tabela de Produção do Produtor
CREATE TABLE PRODUCAO_PRODUTOR (
	id_producao_produtor INTEGER 	PRIMARY KEY,
	id_usuario			 INTEGER 	NOT NULL,
	quantidade_litro	 DECIMAL	NOT NULL,
	data_producao		 DATE		NOT NULL,
	FOREIGN KEY (id_usuario) REFERENCES USUARIO(id_usuario)
);

-- 11. Tabela de Produção Local
CREATE TABLE PRODUCAO_LOCAL (
	id_producao_local	 	 INTEGER 	PRIMARY KEY,
	id_usuario			 	 INTEGER 	NOT NULL,
	volume_bruto		 	 DECIMAL	NOT NULL,
	consumo_interno		 	 DECIMAL	NOT NULL,
	quantidade_total_litro	 DECIMAL	NOT NULL,
	data_producao		 	 DATE		NOT NULL,
	FOREIGN KEY (id_usuario) REFERENCES USUARIO(id_usuario)
);

-- 10. Tabela para o Cálculo de Receita
CREATE TABLE CALCULO_RECEITA (
	id_calculo				 INTEGER 	PRIMARY KEY,
	id_producao_produtor	 INTEGER	NOT NULL,
	id_producao_local		 INTEGER 	NOT NULL,
	id_preco_venda			 INTEGER	NOT NULL,
	FOREIGN KEY (id_producao_produtor) REFERENCES PRODUCAO_PRODUTOR(id_producao_produtor),
	FOREIGN KEY (id_producao_local) REFERENCES PRODUCAO_LOCAL(id_producao_local),
	FOREIGN KEY (id_preco_venda) REFERENCES PRECO_VENDA(id_preco_venda)
);

/* --------------------------
		COMANDOS DML        |
		(Povoamento)        |
----------------------------- */

-- 1. Povoamento da tabela USUARIO
INSERT INTO USUARIO VALUES (1,'user1','senha1','Pedro Farias','ADMIN');
INSERT INTO USUARIO VALUES (2,'user2','senha2','João Barros','ADMIN');
INSERT INTO USUARIO VALUES (3,'user3','senha3','Carlos Nunes','ADMIN');
INSERT INTO USUARIO VALUES (4,'user4','senha4','Gustavo Santos','ADMIN');
INSERT INTO USUARIO VALUES (5,'user5','senha5','Pedro Almeida','ADMIN');
INSERT INTO USUARIO VALUES (6,'user6','senha6','Carla Santos','COLABORADOR');
INSERT INTO USUARIO VALUES (7,'user7','senha7','Felipe Souza','COLABORADOR');
INSERT INTO USUARIO VALUES (8,'user8','senha8','Camila Melo','COLABORADOR');
INSERT INTO USUARIO VALUES (9,'user9','senha9','Isabela Melo','COLABORADOR');
INSERT INTO USUARIO VALUES (10,'user10','senha10','Rafael Araujo','COLABORADOR');
INSERT INTO USUARIO VALUES (11,'user11','senha11','Rafael Batista','COLABORADOR');
INSERT INTO USUARIO VALUES (12,'user12','senha12','João Nunes','COLABORADOR');
INSERT INTO USUARIO VALUES (13,'user13','senha13','Paulo Cardoso','COLABORADOR');
INSERT INTO USUARIO VALUES (14,'user14','senha14','Ricardo Gomes','COLABORADOR');
INSERT INTO USUARIO VALUES (15,'user15','senha15','Felipe Melo','COLABORADOR');
INSERT INTO USUARIO VALUES (16,'user16','senha16','Thiago Ramos','COLABORADOR');
INSERT INTO USUARIO VALUES (17,'user17','senha17','Thiago Oliveira','COLABORADOR');
INSERT INTO USUARIO VALUES (18,'user18','senha18','Letícia Souza','COLABORADOR');
INSERT INTO USUARIO VALUES (19,'user19','senha19','Julia Souza','COLABORADOR');
INSERT INTO USUARIO VALUES (20,'user20','senha20','Gustavo Farias','COLABORADOR');
INSERT INTO USUARIO VALUES (21,'user21','senha21','João Batista','COLABORADOR');
INSERT INTO USUARIO VALUES (22,'user22','senha22','Bruna Ramos','COLABORADOR');
INSERT INTO USUARIO VALUES (23,'user23','senha23','Julia Melo','COLABORADOR');
INSERT INTO USUARIO VALUES (24,'user24','senha24','Vanessa Oliveira','COLABORADOR');
INSERT INTO USUARIO VALUES (25,'user25','senha25','Sara Santos','COLABORADOR');
INSERT INTO USUARIO VALUES (26,'user26','senha26','Felipe Pereira','COLABORADOR');
INSERT INTO USUARIO VALUES (27,'user27','senha27','Vanessa Silva','COLABORADOR');
INSERT INTO USUARIO VALUES (28,'user28','senha28','Carla Farias','COLABORADOR');
INSERT INTO USUARIO VALUES (29,'user29','senha29','Julia Lima','COLABORADOR');
INSERT INTO USUARIO VALUES (30,'user30','senha30','Isabela Batista','COLABORADOR');
INSERT INTO USUARIO VALUES (31,'user31','senha31','Paulo Almeida','COLABORADOR');
INSERT INTO USUARIO VALUES (32,'user32','senha32','Letícia Ramos','COLABORADOR');
INSERT INTO USUARIO VALUES (33,'user33','senha33','Sara Nunes','COLABORADOR');
INSERT INTO USUARIO VALUES (34,'user34','senha34','Thiago Barros','COLABORADOR');
INSERT INTO USUARIO VALUES (35,'user35','senha35','Felipe Teixeira','COLABORADOR');
INSERT INTO USUARIO VALUES (36,'user36','senha36','Thiago Barros','COLABORADOR');
INSERT INTO USUARIO VALUES (37,'user37','senha37','Camila Silva','COLABORADOR');
INSERT INTO USUARIO VALUES (38,'user38','senha38','Paulo Araujo','COLABORADOR');
INSERT INTO USUARIO VALUES (39,'user39','senha39','Rafael Rocha','COLABORADOR');
INSERT INTO USUARIO VALUES (40,'user40','senha40','Ana Santos','COLABORADOR');
INSERT INTO USUARIO VALUES (41,'user41','senha41','Eduardo Araujo','COLABORADOR');
INSERT INTO USUARIO VALUES (42,'user42','senha42','Ana Pereira','COLABORADOR');
INSERT INTO USUARIO VALUES (43,'user43','senha43','Bruna Rocha','COLABORADOR');
INSERT INTO USUARIO VALUES (44,'user44','senha44','Thiago Fernandes','COLABORADOR');
INSERT INTO USUARIO VALUES (45,'user45','senha45','Thiago Farias','COLABORADOR');
INSERT INTO USUARIO VALUES (46,'user46','senha46','Mariana Fernandes','COLABORADOR');
INSERT INTO USUARIO VALUES (47,'user47','senha47','Gustavo Costa','COLABORADOR');
INSERT INTO USUARIO VALUES (48,'user48','senha48','Gustavo Santos','COLABORADOR');
INSERT INTO USUARIO VALUES (49,'user49','senha49','Ricardo Pereira','COLABORADOR');
INSERT INTO USUARIO VALUES (50,'user50','senha50','Letícia Santos','COLABORADOR');
INSERT INTO USUARIO VALUES (51,'user51','senha51','Paulo Ramos','COLABORADOR');
INSERT INTO USUARIO VALUES (52,'user52','senha52','Eduardo Barros','COLABORADOR');
INSERT INTO USUARIO VALUES (53,'user53','senha53','Carlos Pereira','COLABORADOR');
INSERT INTO USUARIO VALUES (54,'user54','senha54','Eduardo Barros','COLABORADOR');
INSERT INTO USUARIO VALUES (55,'user55','senha55','Bruna Oliveira','COLABORADOR');
INSERT INTO USUARIO VALUES (56,'user56','senha56','Eduardo Batista','COLABORADOR');
INSERT INTO USUARIO VALUES (57,'user57','senha57','Vanessa Batista','COLABORADOR');
INSERT INTO USUARIO VALUES (58,'user58','senha58','Ana Cardoso','COLABORADOR');
INSERT INTO USUARIO VALUES (59,'user59','senha59','Bruna Batista','COLABORADOR');
INSERT INTO USUARIO VALUES (60,'user60','senha60','Mariana Barros','COLABORADOR');
INSERT INTO USUARIO VALUES (61,'user61','senha61','Camila Almeida','COLABORADOR');
INSERT INTO USUARIO VALUES (62,'user62','senha62','Camila Fernandes','COLABORADOR');
INSERT INTO USUARIO VALUES (63,'user63','senha63','João Gomes','COLABORADOR');
INSERT INTO USUARIO VALUES (64,'user64','senha64','Letícia Barros','COLABORADOR');
INSERT INTO USUARIO VALUES (65,'user65','senha65','Bruna Cardoso','COLABORADOR');
INSERT INTO USUARIO VALUES (66,'user66','senha66','Paulo Araujo','COLABORADOR');
INSERT INTO USUARIO VALUES (67,'user67','senha67','Thiago Teixeira','COLABORADOR');
INSERT INTO USUARIO VALUES (68,'user68','senha68','Gustavo Ramos','COLABORADOR');
INSERT INTO USUARIO VALUES (69,'user69','senha69','Vanessa Pereira','COLABORADOR');
INSERT INTO USUARIO VALUES (70,'user70','senha70','Felipe Gomes','COLABORADOR');
INSERT INTO USUARIO VALUES (71,'user71','senha71','Rafael Barros','COLABORADOR');
INSERT INTO USUARIO VALUES (72,'user72','senha72','Carlos Farias','COLABORADOR');
INSERT INTO USUARIO VALUES (73,'user73','senha73','Pedro Rocha','COLABORADOR');
INSERT INTO USUARIO VALUES (74,'user74','senha74','Gustavo Gomes','COLABORADOR');
INSERT INTO USUARIO VALUES (75,'user75','senha75','Mariana Araujo','COLABORADOR');
INSERT INTO USUARIO VALUES (76,'user76','senha76','Ana Souza','COLABORADOR');
INSERT INTO USUARIO VALUES (77,'user77','senha77','Isabela Cardoso','COLABORADOR');
INSERT INTO USUARIO VALUES (78,'user78','senha78','Pedro Batista','COLABORADOR');
INSERT INTO USUARIO VALUES (79,'user79','senha79','Isabela Teixeira','COLABORADOR');
INSERT INTO USUARIO VALUES (80,'user80','senha80','Vanessa Souza','COLABORADOR');

-- 2. Povoamento da tabela LOG_ACESSO
INSERT INTO LOG_ACESSO VALUES (1,51,'21:00:25','2024-07-20','FALHA','192.168.1.23');
INSERT INTO LOG_ACESSO VALUES (2,3,'23:02:24','2024-04-05','SUCESSO','192.168.1.131');
INSERT INTO LOG_ACESSO VALUES (3,44,'07:39:42','2024-04-03','FALHA','192.168.1.27');
INSERT INTO LOG_ACESSO VALUES (4,48,'15:07:32','2024-03-24','FALHA','192.168.1.56');
INSERT INTO LOG_ACESSO VALUES (5,61,'00:03:57','2024-02-03','FALHA','192.168.1.172');
INSERT INTO LOG_ACESSO VALUES (6,53,'13:41:56','2024-02-09','FALHA','192.168.1.68');
INSERT INTO LOG_ACESSO VALUES (7,44,'11:44:14','2024-03-20','SUCESSO','192.168.1.55');
INSERT INTO LOG_ACESSO VALUES (8,44,'16:23:39','2024-09-15','FALHA','192.168.1.170');
INSERT INTO LOG_ACESSO VALUES (9,11,'00:38:05','2024-12-23','FALHA','192.168.1.92');
INSERT INTO LOG_ACESSO VALUES (10,54,'17:21:56','2024-12-18','SUCESSO','192.168.1.118');
INSERT INTO LOG_ACESSO VALUES (11,60,'11:04:22','2024-06-28','SUCESSO','192.168.1.29');
INSERT INTO LOG_ACESSO VALUES (12,67,'19:44:27','2024-04-04','SUCESSO','192.168.1.187');
INSERT INTO LOG_ACESSO VALUES (13,73,'10:54:07','2024-01-20','FALHA','192.168.1.75');
INSERT INTO LOG_ACESSO VALUES (14,42,'01:14:26','2024-07-24','SUCESSO','192.168.1.25');
INSERT INTO LOG_ACESSO VALUES (15,37,'14:46:17','2024-11-14','FALHA','192.168.1.96');
INSERT INTO LOG_ACESSO VALUES (16,4,'22:00:28','2024-06-21','SUCESSO','192.168.1.96');
INSERT INTO LOG_ACESSO VALUES (17,45,'19:12:31','2024-03-13','FALHA','192.168.1.43');
INSERT INTO LOG_ACESSO VALUES (18,46,'13:00:59','2024-05-02','FALHA','192.168.1.82');
INSERT INTO LOG_ACESSO VALUES (19,74,'03:05:36','2024-12-04','SUCESSO','192.168.1.44');
INSERT INTO LOG_ACESSO VALUES (20,76,'15:37:24','2024-11-24','SUCESSO','192.168.1.48');
INSERT INTO LOG_ACESSO VALUES (21,50,'11:03:23','2024-06-26','FALHA','192.168.1.80');
INSERT INTO LOG_ACESSO VALUES (22,54,'04:42:17','2024-12-14','FALHA','192.168.1.116');
INSERT INTO LOG_ACESSO VALUES (23,74,'00:26:21','2024-03-22','FALHA','192.168.1.121');
INSERT INTO LOG_ACESSO VALUES (24,1,'01:39:10','2024-06-25','FALHA','192.168.1.73');
INSERT INTO LOG_ACESSO VALUES (25,26,'23:50:48','2024-02-06','SUCESSO','192.168.1.158');
INSERT INTO LOG_ACESSO VALUES (26,46,'16:42:18','2024-08-23','SUCESSO','192.168.1.4');
INSERT INTO LOG_ACESSO VALUES (27,31,'14:12:57','2024-07-01','FALHA','192.168.1.114');
INSERT INTO LOG_ACESSO VALUES (28,46,'20:33:22','2024-10-23','SUCESSO','192.168.1.148');
INSERT INTO LOG_ACESSO VALUES (29,74,'00:00:12','2024-03-16','SUCESSO','192.168.1.116');
INSERT INTO LOG_ACESSO VALUES (30,1,'19:06:39','2024-09-28','SUCESSO','192.168.1.141');
INSERT INTO LOG_ACESSO VALUES (31,40,'01:42:35','2024-12-17','SUCESSO','192.168.1.1');
INSERT INTO LOG_ACESSO VALUES (32,51,'09:14:27','2024-06-24','SUCESSO','192.168.1.69');
INSERT INTO LOG_ACESSO VALUES (33,42,'12:42:13','2024-03-06','SUCESSO','192.168.1.61');
INSERT INTO LOG_ACESSO VALUES (34,77,'03:45:23','2024-02-21','FALHA','192.168.1.162');
INSERT INTO LOG_ACESSO VALUES (35,27,'00:05:31','2024-07-06','SUCESSO','192.168.1.119');
INSERT INTO LOG_ACESSO VALUES (36,41,'10:32:39','2024-11-04','SUCESSO','192.168.1.147');
INSERT INTO LOG_ACESSO VALUES (37,39,'01:51:19','2024-09-10','FALHA','192.168.1.83');
INSERT INTO LOG_ACESSO VALUES (38,56,'02:37:58','2024-08-04','SUCESSO','192.168.1.114');
INSERT INTO LOG_ACESSO VALUES (39,76,'23:48:43','2024-11-24','FALHA','192.168.1.21');
INSERT INTO LOG_ACESSO VALUES (40,36,'09:36:30','2024-09-15','FALHA','192.168.1.72');
INSERT INTO LOG_ACESSO VALUES (41,45,'10:33:37','2024-09-24','SUCESSO','192.168.1.18');
INSERT INTO LOG_ACESSO VALUES (42,80,'15:21:11','2024-12-12','FALHA','192.168.1.77');
INSERT INTO LOG_ACESSO VALUES (43,64,'18:15:20','2024-06-04','SUCESSO','192.168.1.197');
INSERT INTO LOG_ACESSO VALUES (44,80,'09:20:00','2024-10-22','FALHA','192.168.1.117');
INSERT INTO LOG_ACESSO VALUES (45,50,'18:47:50','2024-01-08','SUCESSO','192.168.1.13');
INSERT INTO LOG_ACESSO VALUES (46,69,'21:16:47','2024-08-27','FALHA','192.168.1.34');
INSERT INTO LOG_ACESSO VALUES (47,70,'07:02:27','2024-01-10','FALHA','192.168.1.67');
INSERT INTO LOG_ACESSO VALUES (48,59,'06:38:33','2024-12-04','SUCESSO','192.168.1.125');
INSERT INTO LOG_ACESSO VALUES (49,14,'17:33:48','2024-11-04','FALHA','192.168.1.148');
INSERT INTO LOG_ACESSO VALUES (50,45,'16:34:08','2024-10-10','FALHA','192.168.1.63');
INSERT INTO LOG_ACESSO VALUES (51,29,'09:50:58','2024-06-08','FALHA','192.168.1.21');
INSERT INTO LOG_ACESSO VALUES (52,47,'04:01:26','2024-06-16','FALHA','192.168.1.153');
INSERT INTO LOG_ACESSO VALUES (53,16,'06:45:41','2024-03-14','SUCESSO','192.168.1.37');
INSERT INTO LOG_ACESSO VALUES (54,60,'09:20:44','2024-09-11','SUCESSO','192.168.1.29');
INSERT INTO LOG_ACESSO VALUES (55,28,'00:10:51','2024-07-22','SUCESSO','192.168.1.29');
INSERT INTO LOG_ACESSO VALUES (56,11,'14:24:38','2024-12-25','SUCESSO','192.168.1.97');
INSERT INTO LOG_ACESSO VALUES (57,63,'22:46:36','2024-04-26','SUCESSO','192.168.1.3');
INSERT INTO LOG_ACESSO VALUES (58,71,'23:12:46','2024-07-15','FALHA','192.168.1.99');
INSERT INTO LOG_ACESSO VALUES (59,32,'15:06:00','2024-06-20','FALHA','192.168.1.37');
INSERT INTO LOG_ACESSO VALUES (60,10,'00:27:56','2024-03-01','FALHA','192.168.1.74');
INSERT INTO LOG_ACESSO VALUES (61,16,'21:52:53','2024-01-01','SUCESSO','192.168.1.95');
INSERT INTO LOG_ACESSO VALUES (62,66,'11:04:52','2024-02-21','FALHA','192.168.1.25');
INSERT INTO LOG_ACESSO VALUES (63,31,'08:34:50','2024-07-22','SUCESSO','192.168.1.52');
INSERT INTO LOG_ACESSO VALUES (64,50,'07:59:03','2024-06-08','SUCESSO','192.168.1.107');
INSERT INTO LOG_ACESSO VALUES (65,72,'06:49:40','2024-01-24','FALHA','192.168.1.131');
INSERT INTO LOG_ACESSO VALUES (66,5,'13:45:44','2024-09-19','SUCESSO','192.168.1.45');
INSERT INTO LOG_ACESSO VALUES (67,78,'06:04:23','2024-11-12','FALHA','192.168.1.17');
INSERT INTO LOG_ACESSO VALUES (68,33,'18:20:04','2024-11-24','SUCESSO','192.168.1.119');
INSERT INTO LOG_ACESSO VALUES (69,22,'01:06:28','2024-10-21','SUCESSO','192.168.1.15');
INSERT INTO LOG_ACESSO VALUES (70,14,'13:04:31','2024-08-26','SUCESSO','192.168.1.177');
INSERT INTO LOG_ACESSO VALUES (71,62,'05:47:17','2024-05-13','FALHA','192.168.1.173');
INSERT INTO LOG_ACESSO VALUES (72,32,'11:36:15','2024-12-02','FALHA','192.168.1.29');
INSERT INTO LOG_ACESSO VALUES (73,62,'02:51:44','2024-10-28','FALHA','192.168.1.191');
INSERT INTO LOG_ACESSO VALUES (74,78,'08:20:59','2024-06-16','SUCESSO','192.168.1.150');
INSERT INTO LOG_ACESSO VALUES (75,43,'16:42:46','2024-05-24','SUCESSO','192.168.1.95');
INSERT INTO LOG_ACESSO VALUES (76,49,'08:20:16','2024-12-17','FALHA','192.168.1.44');
INSERT INTO LOG_ACESSO VALUES (77,20,'22:19:24','2024-04-14','FALHA','192.168.1.89');
INSERT INTO LOG_ACESSO VALUES (78,71,'02:09:21','2024-07-01','FALHA','192.168.1.97');
INSERT INTO LOG_ACESSO VALUES (79,50,'12:25:31','2024-05-19','SUCESSO','192.168.1.53');
INSERT INTO LOG_ACESSO VALUES (80,57,'02:50:53','2024-01-05','FALHA','192.168.1.154');

-- 3. Povoamento da tabela DESPESA
INSERT INTO DESPESA VALUES (1,29,'2024-11-07',54.69,'Despesa 1','PESSOAL');
INSERT INTO DESPESA VALUES (2,73,'2024-08-03',162.3,'Despesa 2','PESSOAL');
INSERT INTO DESPESA VALUES (3,32,'2024-02-20',71.56,'Despesa 3','PESSOAL');
INSERT INTO DESPESA VALUES (4,8,'2024-05-09',692.05,'Despesa 4','PESSOAL');
INSERT INTO DESPESA VALUES (5,16,'2024-07-18',1393.68,'Despesa 5','PESSOAL');
INSERT INTO DESPESA VALUES (6,72,'2024-02-23',1320.32,'Despesa 6','PESSOAL');
INSERT INTO DESPESA VALUES (7,33,'2024-05-28',388.06,'Despesa 7','PESSOAL');
INSERT INTO DESPESA VALUES (8,55,'2024-02-04',239.44,'Despesa 8','PESSOAL');
INSERT INTO DESPESA VALUES (9,53,'2024-01-22',1440.63,'Despesa 9','PESSOAL');
INSERT INTO DESPESA VALUES (10,59,'2024-10-23',40.33,'Despesa 10','PESSOAL');
INSERT INTO DESPESA VALUES (11,49,'2024-02-28',348.89,'Despesa 11','PESSOAL');
INSERT INTO DESPESA VALUES (12,22,'2024-05-16',429.2,'Despesa 12','PESSOAL');
INSERT INTO DESPESA VALUES (13,27,'2024-11-06',603.74,'Despesa 13','PESSOAL');
INSERT INTO DESPESA VALUES (14,67,'2024-11-17',847.87,'Despesa 14','PESSOAL');
INSERT INTO DESPESA VALUES (15,40,'2024-04-10',1480.62,'Despesa 15','PESSOAL');
INSERT INTO DESPESA VALUES (16,33,'2024-02-03',1527.17,'Despesa 16','PESSOAL');
INSERT INTO DESPESA VALUES (17,10,'2024-12-19',1059.33,'Despesa 17','PESSOAL');
INSERT INTO DESPESA VALUES (18,51,'2024-07-12',190.23,'Despesa 18','PESSOAL');
INSERT INTO DESPESA VALUES (19,41,'2024-05-23',237.88,'Despesa 19','PESSOAL');
INSERT INTO DESPESA VALUES (20,28,'2024-12-08',1012.48,'Despesa 20','PESSOAL');
INSERT INTO DESPESA VALUES (21,56,'2024-04-13',1731.61,'Despesa 21','PESSOAL');
INSERT INTO DESPESA VALUES (22,9,'2024-02-09',1228.62,'Despesa 22','PESSOAL');
INSERT INTO DESPESA VALUES (23,7,'2024-01-25',1848.76,'Despesa 23','PESSOAL');
INSERT INTO DESPESA VALUES (24,50,'2024-09-08',1431.16,'Despesa 24','PESSOAL');
INSERT INTO DESPESA VALUES (25,80,'2024-06-11',1858.61,'Despesa 25','PESSOAL');
INSERT INTO DESPESA VALUES (26,29,'2024-07-07',1701.59,'Despesa 26','PESSOAL');
INSERT INTO DESPESA VALUES (27,76,'2024-05-01',1400.66,'Despesa 27','PESSOAL');
INSERT INTO DESPESA VALUES (28,29,'2024-09-13',829.13,'Despesa 28','PESSOAL');
INSERT INTO DESPESA VALUES (29,31,'2024-09-13',69.03,'Despesa 29','PESSOAL');
INSERT INTO DESPESA VALUES (30,44,'2024-01-27',1256.51,'Despesa 30','PESSOAL');
INSERT INTO DESPESA VALUES (31,63,'2024-07-16',185.1,'Despesa 31','PESSOAL');
INSERT INTO DESPESA VALUES (32,24,'2024-09-10',1008.32,'Despesa 32','PESSOAL');
INSERT INTO DESPESA VALUES (33,2,'2024-03-17',465.5,'Despesa 33','PESSOAL');
INSERT INTO DESPESA VALUES (34,46,'2024-05-27',997.64,'Despesa 34','PESSOAL');
INSERT INTO DESPESA VALUES (35,13,'2024-01-27',647.78,'Despesa 35','PESSOAL');
INSERT INTO DESPESA VALUES (36,38,'2024-12-09',122.07,'Despesa 36','PESSOAL');
INSERT INTO DESPESA VALUES (37,42,'2024-03-27',982.77,'Despesa 37','PESSOAL');
INSERT INTO DESPESA VALUES (38,28,'2024-10-17',703.88,'Despesa 38','PESSOAL');
INSERT INTO DESPESA VALUES (39,28,'2024-05-14',729.3,'Despesa 39','PESSOAL');
INSERT INTO DESPESA VALUES (40,57,'2024-06-21',45.83,'Despesa 40','PESSOAL');
INSERT INTO DESPESA VALUES (41,23,'2024-07-16',1512.23,'Despesa 41','PESSOAL');
INSERT INTO DESPESA VALUES (42,22,'2024-07-28',1099.5,'Despesa 42','PESSOAL');
INSERT INTO DESPESA VALUES (43,45,'2024-05-08',1877.59,'Despesa 43','PESSOAL');
INSERT INTO DESPESA VALUES (44,70,'2024-03-22',1230.75,'Despesa 44','PESSOAL');
INSERT INTO DESPESA VALUES (45,64,'2024-12-16',899.78,'Despesa 45','PESSOAL');
INSERT INTO DESPESA VALUES (46,23,'2024-11-04',51.33,'Despesa 46','PESSOAL');
INSERT INTO DESPESA VALUES (47,80,'2024-06-16',1941.57,'Despesa 47','PESSOAL');
INSERT INTO DESPESA VALUES (48,46,'2024-01-17',160.41,'Despesa 48','PESSOAL');
INSERT INTO DESPESA VALUES (49,51,'2024-07-04',1394.22,'Despesa 49','PESSOAL');
INSERT INTO DESPESA VALUES (50,24,'2024-06-25',863.62,'Despesa 50','PESSOAL');
INSERT INTO DESPESA VALUES (51,25,'2024-06-23',845.44,'Despesa 51','PESSOAL');
INSERT INTO DESPESA VALUES (52,48,'2024-07-18',1363.79,'Despesa 52','PESSOAL');
INSERT INTO DESPESA VALUES (53,34,'2024-03-20',1883.06,'Despesa 53','PESSOAL');
INSERT INTO DESPESA VALUES (54,37,'2024-11-15',714.6,'Despesa 54','PESSOAL');
INSERT INTO DESPESA VALUES (55,71,'2024-03-19',1351.18,'Despesa 55','PESSOAL');
INSERT INTO DESPESA VALUES (56,36,'2024-12-12',732.8,'Despesa 56','PESSOAL');
INSERT INTO DESPESA VALUES (57,10,'2024-10-18',1372.69,'Despesa 57','PESSOAL');
INSERT INTO DESPESA VALUES (58,31,'2024-04-06',1699.42,'Despesa 58','PESSOAL');
INSERT INTO DESPESA VALUES (59,77,'2024-09-12',298.5,'Despesa 59','PESSOAL');
INSERT INTO DESPESA VALUES (60,15,'2024-01-12',1846.56,'Despesa 60','PESSOAL');
INSERT INTO DESPESA VALUES (61,17,'2024-02-05',1832.31,'Despesa 61','PESSOAL');
INSERT INTO DESPESA VALUES (62,80,'2024-02-03',1448.24,'Despesa 62','PESSOAL');
INSERT INTO DESPESA VALUES (63,58,'2024-03-25',636.31,'Despesa 63','PESSOAL');
INSERT INTO DESPESA VALUES (64,60,'2024-04-18',595.38,'Despesa 64','PESSOAL');
INSERT INTO DESPESA VALUES (65,54,'2024-07-23',1651.85,'Despesa 65','PESSOAL');
INSERT INTO DESPESA VALUES (66,20,'2024-12-02',455.13,'Despesa 66','PESSOAL');
INSERT INTO DESPESA VALUES (67,70,'2024-04-09',155.41,'Despesa 67','PESSOAL');
INSERT INTO DESPESA VALUES (68,70,'2024-07-16',1193.36,'Despesa 68','PESSOAL');
INSERT INTO DESPESA VALUES (69,51,'2024-11-16',1544.16,'Despesa 69','PESSOAL');
INSERT INTO DESPESA VALUES (70,25,'2024-09-26',808.15,'Despesa 70','PESSOAL');
INSERT INTO DESPESA VALUES (71,57,'2024-10-14',617.52,'Despesa 71','PESSOAL');
INSERT INTO DESPESA VALUES (72,37,'2024-08-09',97.6,'Despesa 72','PESSOAL');
INSERT INTO DESPESA VALUES (73,43,'2024-02-21',1408.35,'Despesa 73','PESSOAL');
INSERT INTO DESPESA VALUES (74,59,'2024-09-05',1685.06,'Despesa 74','PESSOAL');
INSERT INTO DESPESA VALUES (75,11,'2024-05-14',1875.28,'Despesa 75','PESSOAL');
INSERT INTO DESPESA VALUES (76,23,'2024-07-04',25.82,'Despesa 76','PESSOAL');
INSERT INTO DESPESA VALUES (77,18,'2024-08-17',926.08,'Despesa 77','PESSOAL');
INSERT INTO DESPESA VALUES (78,20,'2024-02-17',1941.27,'Despesa 78','PESSOAL');
INSERT INTO DESPESA VALUES (79,56,'2024-12-17',1073.57,'Despesa 79','PESSOAL');
INSERT INTO DESPESA VALUES (80,3,'2024-02-21',1948.76,'Despesa 80','PESSOAL');
INSERT INTO DESPESA VALUES (81,30,'2024-06-14',698.53,'Despesa 81','UTILIDADE');
INSERT INTO DESPESA VALUES (82,42,'2024-06-16',581.11,'Despesa 82','UTILIDADE');
INSERT INTO DESPESA VALUES (83,11,'2024-10-14',702.64,'Despesa 83','UTILIDADE');
INSERT INTO DESPESA VALUES (84,79,'2024-02-09',870.27,'Despesa 84','UTILIDADE');
INSERT INTO DESPESA VALUES (85,30,'2024-09-05',788.13,'Despesa 85','UTILIDADE');
INSERT INTO DESPESA VALUES (86,74,'2024-07-13',1291.05,'Despesa 86','UTILIDADE');
INSERT INTO DESPESA VALUES (87,69,'2024-10-28',1153.15,'Despesa 87','UTILIDADE');
INSERT INTO DESPESA VALUES (88,40,'2024-01-10',1852.15,'Despesa 88','UTILIDADE');
INSERT INTO DESPESA VALUES (89,35,'2024-08-20',1953.35,'Despesa 89','UTILIDADE');
INSERT INTO DESPESA VALUES (90,46,'2024-09-20',1535.16,'Despesa 90','UTILIDADE');
INSERT INTO DESPESA VALUES (91,29,'2024-02-07',769.46,'Despesa 91','UTILIDADE');
INSERT INTO DESPESA VALUES (92,49,'2024-05-17',318.19,'Despesa 92','UTILIDADE');
INSERT INTO DESPESA VALUES (93,18,'2024-02-06',1394.16,'Despesa 93','UTILIDADE');
INSERT INTO DESPESA VALUES (94,51,'2024-04-12',353.88,'Despesa 94','UTILIDADE');
INSERT INTO DESPESA VALUES (95,67,'2024-06-04',917.42,'Despesa 95','UTILIDADE');
INSERT INTO DESPESA VALUES (96,4,'2024-06-12',1454.55,'Despesa 96','UTILIDADE');
INSERT INTO DESPESA VALUES (97,71,'2024-08-13',123.54,'Despesa 97','UTILIDADE');
INSERT INTO DESPESA VALUES (98,59,'2024-08-01',1957.9,'Despesa 98','UTILIDADE');
INSERT INTO DESPESA VALUES (99,54,'2024-09-20',1717.45,'Despesa 99','UTILIDADE');
INSERT INTO DESPESA VALUES (100,31,'2024-03-02',1477.6,'Despesa 100','UTILIDADE');
INSERT INTO DESPESA VALUES (101,56,'2024-05-05',960.89,'Despesa 101','UTILIDADE');
INSERT INTO DESPESA VALUES (102,10,'2024-09-09',965.6,'Despesa 102','UTILIDADE');
INSERT INTO DESPESA VALUES (103,19,'2024-10-18',1433.68,'Despesa 103','UTILIDADE');
INSERT INTO DESPESA VALUES (104,4,'2024-03-22',1897.24,'Despesa 104','UTILIDADE');
INSERT INTO DESPESA VALUES (105,11,'2024-03-03',142.79,'Despesa 105','UTILIDADE');
INSERT INTO DESPESA VALUES (106,15,'2024-02-02',607.0,'Despesa 106','UTILIDADE');
INSERT INTO DESPESA VALUES (107,4,'2024-01-04',1645.12,'Despesa 107','UTILIDADE');
INSERT INTO DESPESA VALUES (108,50,'2024-04-23',1592.26,'Despesa 108','UTILIDADE');
INSERT INTO DESPESA VALUES (109,3,'2024-10-15',241.31,'Despesa 109','UTILIDADE');
INSERT INTO DESPESA VALUES (110,10,'2024-10-10',141.1,'Despesa 110','UTILIDADE');
INSERT INTO DESPESA VALUES (111,41,'2024-04-03',1673.87,'Despesa 111','UTILIDADE');
INSERT INTO DESPESA VALUES (112,8,'2024-03-03',583.64,'Despesa 112','UTILIDADE');
INSERT INTO DESPESA VALUES (113,28,'2024-05-18',1196.28,'Despesa 113','UTILIDADE');
INSERT INTO DESPESA VALUES (114,9,'2024-07-24',1634.28,'Despesa 114','UTILIDADE');
INSERT INTO DESPESA VALUES (115,68,'2024-02-22',450.12,'Despesa 115','UTILIDADE');
INSERT INTO DESPESA VALUES (116,19,'2024-07-19',562.66,'Despesa 116','UTILIDADE');
INSERT INTO DESPESA VALUES (117,1,'2024-10-27',1610.79,'Despesa 117','UTILIDADE');
INSERT INTO DESPESA VALUES (118,48,'2024-10-01',1902.89,'Despesa 118','UTILIDADE');
INSERT INTO DESPESA VALUES (119,9,'2024-11-09',121.54,'Despesa 119','UTILIDADE');
INSERT INTO DESPESA VALUES (120,60,'2024-01-10',551.43,'Despesa 120','UTILIDADE');
INSERT INTO DESPESA VALUES (121,79,'2024-06-26',1883.59,'Despesa 121','UTILIDADE');
INSERT INTO DESPESA VALUES (122,70,'2024-05-10',964.42,'Despesa 122','UTILIDADE');
INSERT INTO DESPESA VALUES (123,2,'2024-07-09',356.67,'Despesa 123','UTILIDADE');
INSERT INTO DESPESA VALUES (124,26,'2024-05-12',1857.0,'Despesa 124','UTILIDADE');
INSERT INTO DESPESA VALUES (125,64,'2024-05-08',1536.37,'Despesa 125','UTILIDADE');
INSERT INTO DESPESA VALUES (126,78,'2024-07-14',1477.65,'Despesa 126','UTILIDADE');
INSERT INTO DESPESA VALUES (127,73,'2024-12-03',1837.66,'Despesa 127','UTILIDADE');
INSERT INTO DESPESA VALUES (128,28,'2024-07-10',1219.48,'Despesa 128','UTILIDADE');
INSERT INTO DESPESA VALUES (129,31,'2024-08-19',141.43,'Despesa 129','UTILIDADE');
INSERT INTO DESPESA VALUES (130,39,'2024-01-17',926.0,'Despesa 130','UTILIDADE');
INSERT INTO DESPESA VALUES (131,67,'2024-12-13',1922.54,'Despesa 131','UTILIDADE');
INSERT INTO DESPESA VALUES (132,48,'2024-05-06',1333.58,'Despesa 132','UTILIDADE');
INSERT INTO DESPESA VALUES (133,51,'2024-07-07',663.01,'Despesa 133','UTILIDADE');
INSERT INTO DESPESA VALUES (134,42,'2024-03-19',865.95,'Despesa 134','UTILIDADE');
INSERT INTO DESPESA VALUES (135,11,'2024-10-21',1993.18,'Despesa 135','UTILIDADE');
INSERT INTO DESPESA VALUES (136,56,'2024-07-27',1312.64,'Despesa 136','UTILIDADE');
INSERT INTO DESPESA VALUES (137,37,'2024-02-13',287.48,'Despesa 137','UTILIDADE');
INSERT INTO DESPESA VALUES (138,25,'2024-04-26',1783.13,'Despesa 138','UTILIDADE');
INSERT INTO DESPESA VALUES (139,77,'2024-10-24',1484.26,'Despesa 139','UTILIDADE');
INSERT INTO DESPESA VALUES (140,50,'2024-11-10',715.33,'Despesa 140','UTILIDADE');
INSERT INTO DESPESA VALUES (141,58,'2024-04-28',1141.89,'Despesa 141','UTILIDADE');
INSERT INTO DESPESA VALUES (142,54,'2024-02-05',467.31,'Despesa 142','UTILIDADE');
INSERT INTO DESPESA VALUES (143,77,'2024-09-27',103.8,'Despesa 143','UTILIDADE');
INSERT INTO DESPESA VALUES (144,36,'2024-01-22',1483.75,'Despesa 144','UTILIDADE');
INSERT INTO DESPESA VALUES (145,61,'2024-07-13',73.73,'Despesa 145','UTILIDADE');
INSERT INTO DESPESA VALUES (146,14,'2024-04-17',1844.76,'Despesa 146','UTILIDADE');
INSERT INTO DESPESA VALUES (147,11,'2024-05-24',850.19,'Despesa 147','UTILIDADE');
INSERT INTO DESPESA VALUES (148,32,'2024-02-21',1910.51,'Despesa 148','UTILIDADE');
INSERT INTO DESPESA VALUES (149,29,'2024-09-27',850.82,'Despesa 149','UTILIDADE');
INSERT INTO DESPESA VALUES (150,27,'2024-01-19',1420.0,'Despesa 150','UTILIDADE');
INSERT INTO DESPESA VALUES (151,36,'2024-10-20',1108.02,'Despesa 151','UTILIDADE');
INSERT INTO DESPESA VALUES (152,52,'2024-02-16',1271.76,'Despesa 152','UTILIDADE');
INSERT INTO DESPESA VALUES (153,51,'2024-03-25',803.8,'Despesa 153','UTILIDADE');
INSERT INTO DESPESA VALUES (154,28,'2024-11-07',656.46,'Despesa 154','UTILIDADE');
INSERT INTO DESPESA VALUES (155,67,'2024-04-26',822.95,'Despesa 155','UTILIDADE');
INSERT INTO DESPESA VALUES (156,28,'2024-12-27',1550.75,'Despesa 156','UTILIDADE');
INSERT INTO DESPESA VALUES (157,30,'2024-07-11',89.97,'Despesa 157','UTILIDADE');
INSERT INTO DESPESA VALUES (158,26,'2024-11-10',227.41,'Despesa 158','UTILIDADE');
INSERT INTO DESPESA VALUES (159,17,'2024-12-17',1956.51,'Despesa 159','UTILIDADE');
INSERT INTO DESPESA VALUES (160,3,'2024-02-24',1085.26,'Despesa 160','UTILIDADE');
INSERT INTO DESPESA VALUES (161,3,'2024-05-15',249.97,'Despesa 161','INSUMO');
INSERT INTO DESPESA VALUES (162,64,'2024-07-17',1827.58,'Despesa 162','INSUMO');
INSERT INTO DESPESA VALUES (163,12,'2024-04-03',1341.57,'Despesa 163','INSUMO');
INSERT INTO DESPESA VALUES (164,25,'2024-04-04',1620.85,'Despesa 164','INSUMO');
INSERT INTO DESPESA VALUES (165,37,'2024-02-27',1198.17,'Despesa 165','INSUMO');
INSERT INTO DESPESA VALUES (166,4,'2024-03-13',895.49,'Despesa 166','INSUMO');
INSERT INTO DESPESA VALUES (167,22,'2024-08-08',936.07,'Despesa 167','INSUMO');
INSERT INTO DESPESA VALUES (168,2,'2024-04-18',522.3,'Despesa 168','INSUMO');
INSERT INTO DESPESA VALUES (169,35,'2024-01-03',488.89,'Despesa 169','INSUMO');
INSERT INTO DESPESA VALUES (170,21,'2024-10-04',1742.21,'Despesa 170','INSUMO');
INSERT INTO DESPESA VALUES (171,2,'2024-04-15',1106.31,'Despesa 171','INSUMO');
INSERT INTO DESPESA VALUES (172,51,'2024-12-03',1396.27,'Despesa 172','INSUMO');
INSERT INTO DESPESA VALUES (173,57,'2024-02-23',589.28,'Despesa 173','INSUMO');
INSERT INTO DESPESA VALUES (174,80,'2024-07-07',1061.63,'Despesa 174','INSUMO');
INSERT INTO DESPESA VALUES (175,25,'2024-05-26',397.57,'Despesa 175','INSUMO');
INSERT INTO DESPESA VALUES (176,27,'2024-05-16',1464.46,'Despesa 176','INSUMO');
INSERT INTO DESPESA VALUES (177,66,'2024-12-12',1348.86,'Despesa 177','INSUMO');
INSERT INTO DESPESA VALUES (178,11,'2024-01-11',1730.27,'Despesa 178','INSUMO');
INSERT INTO DESPESA VALUES (179,53,'2024-08-26',134.77,'Despesa 179','INSUMO');
INSERT INTO DESPESA VALUES (180,21,'2024-02-03',343.49,'Despesa 180','INSUMO');
INSERT INTO DESPESA VALUES (181,71,'2024-04-20',555.07,'Despesa 181','INSUMO');
INSERT INTO DESPESA VALUES (182,24,'2024-06-28',1947.0,'Despesa 182','INSUMO');
INSERT INTO DESPESA VALUES (183,2,'2024-10-20',491.09,'Despesa 183','INSUMO');
INSERT INTO DESPESA VALUES (184,17,'2024-10-08',1298.32,'Despesa 184','INSUMO');
INSERT INTO DESPESA VALUES (185,20,'2024-05-14',1791.09,'Despesa 185','INSUMO');
INSERT INTO DESPESA VALUES (186,16,'2024-09-04',883.9,'Despesa 186','INSUMO');
INSERT INTO DESPESA VALUES (187,32,'2024-08-04',863.49,'Despesa 187','INSUMO');
INSERT INTO DESPESA VALUES (188,4,'2024-07-02',1519.2,'Despesa 188','INSUMO');
INSERT INTO DESPESA VALUES (189,27,'2024-09-14',1059.95,'Despesa 189','INSUMO');
INSERT INTO DESPESA VALUES (190,71,'2024-04-23',50.56,'Despesa 190','INSUMO');
INSERT INTO DESPESA VALUES (191,33,'2024-08-15',1741.4,'Despesa 191','INSUMO');
INSERT INTO DESPESA VALUES (192,16,'2024-01-26',79.53,'Despesa 192','INSUMO');
INSERT INTO DESPESA VALUES (193,78,'2024-01-23',239.77,'Despesa 193','INSUMO');
INSERT INTO DESPESA VALUES (194,30,'2024-11-15',661.61,'Despesa 194','INSUMO');
INSERT INTO DESPESA VALUES (195,60,'2024-01-20',277.24,'Despesa 195','INSUMO');
INSERT INTO DESPESA VALUES (196,65,'2024-04-04',582.07,'Despesa 196','INSUMO');
INSERT INTO DESPESA VALUES (197,74,'2024-06-18',120.06,'Despesa 197','INSUMO');
INSERT INTO DESPESA VALUES (198,77,'2024-05-21',614.44,'Despesa 198','INSUMO');
INSERT INTO DESPESA VALUES (199,6,'2024-08-13',800.36,'Despesa 199','INSUMO');
INSERT INTO DESPESA VALUES (200,43,'2024-05-14',1269.12,'Despesa 200','INSUMO');
INSERT INTO DESPESA VALUES (201,39,'2024-10-25',366.95,'Despesa 201','INSUMO');
INSERT INTO DESPESA VALUES (202,26,'2024-02-24',1498.9,'Despesa 202','INSUMO');
INSERT INTO DESPESA VALUES (203,9,'2024-11-06',1402.77,'Despesa 203','INSUMO');
INSERT INTO DESPESA VALUES (204,24,'2024-06-02',1201.06,'Despesa 204','INSUMO');
INSERT INTO DESPESA VALUES (205,73,'2024-08-14',314.21,'Despesa 205','INSUMO');
INSERT INTO DESPESA VALUES (206,41,'2024-10-19',120.56,'Despesa 206','INSUMO');
INSERT INTO DESPESA VALUES (207,66,'2024-10-09',333.16,'Despesa 207','INSUMO');
INSERT INTO DESPESA VALUES (208,48,'2024-07-21',1160.41,'Despesa 208','INSUMO');
INSERT INTO DESPESA VALUES (209,5,'2024-09-09',1862.79,'Despesa 209','INSUMO');
INSERT INTO DESPESA VALUES (210,46,'2024-08-15',1909.99,'Despesa 210','INSUMO');
INSERT INTO DESPESA VALUES (211,27,'2024-11-09',158.46,'Despesa 211','INSUMO');
INSERT INTO DESPESA VALUES (212,10,'2024-11-26',1603.86,'Despesa 212','INSUMO');
INSERT INTO DESPESA VALUES (213,80,'2024-02-05',1747.2,'Despesa 213','INSUMO');
INSERT INTO DESPESA VALUES (214,5,'2024-10-07',872.64,'Despesa 214','INSUMO');
INSERT INTO DESPESA VALUES (215,4,'2024-01-01',418.05,'Despesa 215','INSUMO');
INSERT INTO DESPESA VALUES (216,62,'2024-01-20',259.67,'Despesa 216','INSUMO');
INSERT INTO DESPESA VALUES (217,11,'2024-04-23',505.62,'Despesa 217','INSUMO');
INSERT INTO DESPESA VALUES (218,78,'2024-01-06',157.1,'Despesa 218','INSUMO');
INSERT INTO DESPESA VALUES (219,33,'2024-05-27',308.15,'Despesa 219','INSUMO');
INSERT INTO DESPESA VALUES (220,1,'2024-11-21',1666.18,'Despesa 220','INSUMO');
INSERT INTO DESPESA VALUES (221,18,'2024-07-20',1944.69,'Despesa 221','INSUMO');
INSERT INTO DESPESA VALUES (222,17,'2024-09-04',769.34,'Despesa 222','INSUMO');
INSERT INTO DESPESA VALUES (223,14,'2024-02-09',1039.01,'Despesa 223','INSUMO');
INSERT INTO DESPESA VALUES (224,37,'2024-08-28',1459.07,'Despesa 224','INSUMO');
INSERT INTO DESPESA VALUES (225,32,'2024-08-04',1501.67,'Despesa 225','INSUMO');
INSERT INTO DESPESA VALUES (226,30,'2024-07-08',654.45,'Despesa 226','INSUMO');
INSERT INTO DESPESA VALUES (227,27,'2024-10-05',314.52,'Despesa 227','INSUMO');
INSERT INTO DESPESA VALUES (228,60,'2024-05-27',21.38,'Despesa 228','INSUMO');
INSERT INTO DESPESA VALUES (229,68,'2024-04-10',1482.94,'Despesa 229','INSUMO');
INSERT INTO DESPESA VALUES (230,61,'2024-09-14',1896.15,'Despesa 230','INSUMO');
INSERT INTO DESPESA VALUES (231,77,'2024-06-11',1559.98,'Despesa 231','INSUMO');
INSERT INTO DESPESA VALUES (232,7,'2024-06-27',1400.24,'Despesa 232','INSUMO');
INSERT INTO DESPESA VALUES (233,34,'2024-07-17',262.68,'Despesa 233','INSUMO');
INSERT INTO DESPESA VALUES (234,2,'2024-04-20',71.47,'Despesa 234','INSUMO');
INSERT INTO DESPESA VALUES (235,43,'2024-03-14',1012.52,'Despesa 235','INSUMO');
INSERT INTO DESPESA VALUES (236,34,'2024-11-24',1914.65,'Despesa 236','INSUMO');
INSERT INTO DESPESA VALUES (237,8,'2024-08-06',686.09,'Despesa 237','INSUMO');
INSERT INTO DESPESA VALUES (238,60,'2024-03-03',1221.48,'Despesa 238','INSUMO');
INSERT INTO DESPESA VALUES (239,22,'2024-02-07',217.62,'Despesa 239','INSUMO');
INSERT INTO DESPESA VALUES (240,42,'2024-04-23',619.58,'Despesa 240','INSUMO');
INSERT INTO DESPESA VALUES (241,80,'2024-01-22',634.55,'Despesa 241','OPERACIONAL');
INSERT INTO DESPESA VALUES (242,51,'2024-10-13',41.24,'Despesa 242','OPERACIONAL');
INSERT INTO DESPESA VALUES (243,56,'2024-03-01',770.86,'Despesa 243','OPERACIONAL');
INSERT INTO DESPESA VALUES (244,36,'2024-12-06',1271.82,'Despesa 244','OPERACIONAL');
INSERT INTO DESPESA VALUES (245,80,'2024-05-13',99.89,'Despesa 245','OPERACIONAL');
INSERT INTO DESPESA VALUES (246,30,'2024-10-15',1680.75,'Despesa 246','OPERACIONAL');
INSERT INTO DESPESA VALUES (247,14,'2024-09-20',856.75,'Despesa 247','OPERACIONAL');
INSERT INTO DESPESA VALUES (248,64,'2024-01-01',140.54,'Despesa 248','OPERACIONAL');
INSERT INTO DESPESA VALUES (249,31,'2024-08-14',805.85,'Despesa 249','OPERACIONAL');
INSERT INTO DESPESA VALUES (250,55,'2024-07-24',1705.35,'Despesa 250','OPERACIONAL');
INSERT INTO DESPESA VALUES (251,15,'2024-09-21',1053.89,'Despesa 251','OPERACIONAL');
INSERT INTO DESPESA VALUES (252,25,'2024-11-16',1380.7,'Despesa 252','OPERACIONAL');
INSERT INTO DESPESA VALUES (253,76,'2024-11-23',1492.87,'Despesa 253','OPERACIONAL');
INSERT INTO DESPESA VALUES (254,42,'2024-10-11',281.15,'Despesa 254','OPERACIONAL');
INSERT INTO DESPESA VALUES (255,56,'2024-12-10',702.38,'Despesa 255','OPERACIONAL');
INSERT INTO DESPESA VALUES (256,12,'2024-04-27',1100.17,'Despesa 256','OPERACIONAL');
INSERT INTO DESPESA VALUES (257,23,'2024-08-09',1281.0,'Despesa 257','OPERACIONAL');
INSERT INTO DESPESA VALUES (258,47,'2024-10-21',1748.81,'Despesa 258','OPERACIONAL');
INSERT INTO DESPESA VALUES (259,5,'2024-08-21',1142.43,'Despesa 259','OPERACIONAL');
INSERT INTO DESPESA VALUES (260,49,'2024-02-07',1741.44,'Despesa 260','OPERACIONAL');
INSERT INTO DESPESA VALUES (261,2,'2024-04-27',602.9,'Despesa 261','OPERACIONAL');
INSERT INTO DESPESA VALUES (262,61,'2024-10-13',273.89,'Despesa 262','OPERACIONAL');
INSERT INTO DESPESA VALUES (263,21,'2024-09-04',553.75,'Despesa 263','OPERACIONAL');
INSERT INTO DESPESA VALUES (264,73,'2024-06-14',995.05,'Despesa 264','OPERACIONAL');
INSERT INTO DESPESA VALUES (265,74,'2024-06-09',1142.64,'Despesa 265','OPERACIONAL');
INSERT INTO DESPESA VALUES (266,69,'2024-06-28',707.05,'Despesa 266','OPERACIONAL');
INSERT INTO DESPESA VALUES (267,38,'2024-06-16',1188.92,'Despesa 267','OPERACIONAL');
INSERT INTO DESPESA VALUES (268,17,'2024-12-27',578.91,'Despesa 268','OPERACIONAL');
INSERT INTO DESPESA VALUES (269,42,'2024-12-10',1493.81,'Despesa 269','OPERACIONAL');
INSERT INTO DESPESA VALUES (270,8,'2024-03-25',969.9,'Despesa 270','OPERACIONAL');
INSERT INTO DESPESA VALUES (271,49,'2024-12-14',416.1,'Despesa 271','OPERACIONAL');
INSERT INTO DESPESA VALUES (272,54,'2024-04-03',1834.94,'Despesa 272','OPERACIONAL');
INSERT INTO DESPESA VALUES (273,32,'2024-03-26',516.36,'Despesa 273','OPERACIONAL');
INSERT INTO DESPESA VALUES (274,76,'2024-07-20',1374.01,'Despesa 274','OPERACIONAL');
INSERT INTO DESPESA VALUES (275,75,'2024-09-10',422.07,'Despesa 275','OPERACIONAL');
INSERT INTO DESPESA VALUES (276,25,'2024-05-18',1060.17,'Despesa 276','OPERACIONAL');
INSERT INTO DESPESA VALUES (277,78,'2024-04-17',252.89,'Despesa 277','OPERACIONAL');
INSERT INTO DESPESA VALUES (278,71,'2024-03-05',1401.39,'Despesa 278','OPERACIONAL');
INSERT INTO DESPESA VALUES (279,11,'2024-04-22',1662.34,'Despesa 279','OPERACIONAL');
INSERT INTO DESPESA VALUES (280,75,'2024-04-08',51.84,'Despesa 280','OPERACIONAL');
INSERT INTO DESPESA VALUES (281,9,'2024-01-24',585.1,'Despesa 281','OPERACIONAL');
INSERT INTO DESPESA VALUES (282,4,'2024-03-15',1619.67,'Despesa 282','OPERACIONAL');
INSERT INTO DESPESA VALUES (283,16,'2024-10-01',1333.75,'Despesa 283','OPERACIONAL');
INSERT INTO DESPESA VALUES (284,58,'2024-09-28',542.21,'Despesa 284','OPERACIONAL');
INSERT INTO DESPESA VALUES (285,25,'2024-09-28',1774.27,'Despesa 285','OPERACIONAL');
INSERT INTO DESPESA VALUES (286,40,'2024-08-10',605.49,'Despesa 286','OPERACIONAL');
INSERT INTO DESPESA VALUES (287,41,'2024-10-21',92.21,'Despesa 287','OPERACIONAL');
INSERT INTO DESPESA VALUES (288,34,'2024-04-14',1257.3,'Despesa 288','OPERACIONAL');
INSERT INTO DESPESA VALUES (289,2,'2024-01-03',1752.97,'Despesa 289','OPERACIONAL');
INSERT INTO DESPESA VALUES (290,65,'2024-02-28',1348.22,'Despesa 290','OPERACIONAL');
INSERT INTO DESPESA VALUES (291,34,'2024-10-09',842.31,'Despesa 291','OPERACIONAL');
INSERT INTO DESPESA VALUES (292,21,'2024-05-16',1573.14,'Despesa 292','OPERACIONAL');
INSERT INTO DESPESA VALUES (293,1,'2024-08-23',444.2,'Despesa 293','OPERACIONAL');
INSERT INTO DESPESA VALUES (294,63,'2024-10-19',860.84,'Despesa 294','OPERACIONAL');
INSERT INTO DESPESA VALUES (295,65,'2024-06-14',1909.22,'Despesa 295','OPERACIONAL');
INSERT INTO DESPESA VALUES (296,72,'2024-05-07',782.77,'Despesa 296','OPERACIONAL');
INSERT INTO DESPESA VALUES (297,30,'2024-11-17',730.01,'Despesa 297','OPERACIONAL');
INSERT INTO DESPESA VALUES (298,20,'2024-12-20',459.45,'Despesa 298','OPERACIONAL');
INSERT INTO DESPESA VALUES (299,23,'2024-03-26',542.22,'Despesa 299','OPERACIONAL');
INSERT INTO DESPESA VALUES (300,6,'2024-02-15',108.79,'Despesa 300','OPERACIONAL');
INSERT INTO DESPESA VALUES (301,42,'2024-07-16',30.21,'Despesa 301','OPERACIONAL');
INSERT INTO DESPESA VALUES (302,67,'2024-12-01',74.24,'Despesa 302','OPERACIONAL');
INSERT INTO DESPESA VALUES (303,27,'2024-02-04',462.85,'Despesa 303','OPERACIONAL');
INSERT INTO DESPESA VALUES (304,50,'2024-03-21',616.51,'Despesa 304','OPERACIONAL');
INSERT INTO DESPESA VALUES (305,79,'2024-06-26',883.65,'Despesa 305','OPERACIONAL');
INSERT INTO DESPESA VALUES (306,22,'2024-03-01',474.95,'Despesa 306','OPERACIONAL');
INSERT INTO DESPESA VALUES (307,6,'2024-05-17',150.07,'Despesa 307','OPERACIONAL');
INSERT INTO DESPESA VALUES (308,39,'2024-02-03',870.1,'Despesa 308','OPERACIONAL');
INSERT INTO DESPESA VALUES (309,27,'2024-08-24',470.08,'Despesa 309','OPERACIONAL');
INSERT INTO DESPESA VALUES (310,11,'2024-10-22',1644.33,'Despesa 310','OPERACIONAL');
INSERT INTO DESPESA VALUES (311,18,'2024-04-24',1532.55,'Despesa 311','OPERACIONAL');
INSERT INTO DESPESA VALUES (312,65,'2024-09-28',1706.69,'Despesa 312','OPERACIONAL');
INSERT INTO DESPESA VALUES (313,39,'2024-07-09',316.55,'Despesa 313','OPERACIONAL');
INSERT INTO DESPESA VALUES (314,58,'2024-07-13',1766.81,'Despesa 314','OPERACIONAL');
INSERT INTO DESPESA VALUES (315,40,'2024-12-05',1546.33,'Despesa 315','OPERACIONAL');
INSERT INTO DESPESA VALUES (316,15,'2024-06-23',1777.14,'Despesa 316','OPERACIONAL');
INSERT INTO DESPESA VALUES (317,26,'2024-01-15',200.96,'Despesa 317','OPERACIONAL');
INSERT INTO DESPESA VALUES (318,65,'2024-09-14',474.77,'Despesa 318','OPERACIONAL');
INSERT INTO DESPESA VALUES (319,6,'2024-06-14',982.39,'Despesa 319','OPERACIONAL');
INSERT INTO DESPESA VALUES (320,43,'2024-03-09',757.02,'Despesa 320','OPERACIONAL');
INSERT INTO DESPESA VALUES (321,38,'2024-01-23',1174.94,'Despesa 321','OUTROS');
INSERT INTO DESPESA VALUES (322,23,'2024-06-11',305.6,'Despesa 322','OUTROS');
INSERT INTO DESPESA VALUES (323,60,'2024-10-24',77.06,'Despesa 323','OUTROS');
INSERT INTO DESPESA VALUES (324,16,'2024-05-27',87.04,'Despesa 324','OUTROS');
INSERT INTO DESPESA VALUES (325,8,'2024-05-09',1287.08,'Despesa 325','OUTROS');
INSERT INTO DESPESA VALUES (326,5,'2024-03-07',481.43,'Despesa 326','OUTROS');
INSERT INTO DESPESA VALUES (327,34,'2024-03-17',282.53,'Despesa 327','OUTROS');
INSERT INTO DESPESA VALUES (328,50,'2024-08-05',1862.11,'Despesa 328','OUTROS');
INSERT INTO DESPESA VALUES (329,25,'2024-01-20',1072.23,'Despesa 329','OUTROS');
INSERT INTO DESPESA VALUES (330,54,'2024-01-09',1674.15,'Despesa 330','OUTROS');
INSERT INTO DESPESA VALUES (331,60,'2024-10-27',1994.6,'Despesa 331','OUTROS');
INSERT INTO DESPESA VALUES (332,74,'2024-03-03',1372.15,'Despesa 332','OUTROS');
INSERT INTO DESPESA VALUES (333,23,'2024-03-25',1901.12,'Despesa 333','OUTROS');
INSERT INTO DESPESA VALUES (334,54,'2024-01-19',833.34,'Despesa 334','OUTROS');
INSERT INTO DESPESA VALUES (335,10,'2024-01-28',1652.92,'Despesa 335','OUTROS');
INSERT INTO DESPESA VALUES (336,48,'2024-11-09',1961.61,'Despesa 336','OUTROS');
INSERT INTO DESPESA VALUES (337,67,'2024-12-26',1815.17,'Despesa 337','OUTROS');
INSERT INTO DESPESA VALUES (338,58,'2024-11-21',533.32,'Despesa 338','OUTROS');
INSERT INTO DESPESA VALUES (339,58,'2024-01-10',1457.69,'Despesa 339','OUTROS');
INSERT INTO DESPESA VALUES (340,2,'2024-07-03',1104.87,'Despesa 340','OUTROS');
INSERT INTO DESPESA VALUES (341,57,'2024-10-19',525.72,'Despesa 341','OUTROS');
INSERT INTO DESPESA VALUES (342,12,'2024-03-26',1506.83,'Despesa 342','OUTROS');
INSERT INTO DESPESA VALUES (343,41,'2024-09-24',1762.08,'Despesa 343','OUTROS');
INSERT INTO DESPESA VALUES (344,79,'2024-09-08',250.63,'Despesa 344','OUTROS');
INSERT INTO DESPESA VALUES (345,78,'2024-09-05',179.84,'Despesa 345','OUTROS');
INSERT INTO DESPESA VALUES (346,38,'2024-10-05',447.5,'Despesa 346','OUTROS');
INSERT INTO DESPESA VALUES (347,48,'2024-07-14',1934.36,'Despesa 347','OUTROS');
INSERT INTO DESPESA VALUES (348,78,'2024-03-03',1923.16,'Despesa 348','OUTROS');
INSERT INTO DESPESA VALUES (349,54,'2024-11-19',1094.29,'Despesa 349','OUTROS');
INSERT INTO DESPESA VALUES (350,20,'2024-05-16',1151.26,'Despesa 350','OUTROS');
INSERT INTO DESPESA VALUES (351,20,'2024-09-28',1036.72,'Despesa 351','OUTROS');
INSERT INTO DESPESA VALUES (352,40,'2024-01-03',1516.98,'Despesa 352','OUTROS');
INSERT INTO DESPESA VALUES (353,17,'2024-04-23',359.04,'Despesa 353','OUTROS');
INSERT INTO DESPESA VALUES (354,21,'2024-05-22',561.77,'Despesa 354','OUTROS');
INSERT INTO DESPESA VALUES (355,66,'2024-12-28',1462.33,'Despesa 355','OUTROS');
INSERT INTO DESPESA VALUES (356,44,'2024-09-13',129.59,'Despesa 356','OUTROS');
INSERT INTO DESPESA VALUES (357,19,'2024-09-24',1874.22,'Despesa 357','OUTROS');
INSERT INTO DESPESA VALUES (358,41,'2024-04-02',67.83,'Despesa 358','OUTROS');
INSERT INTO DESPESA VALUES (359,56,'2024-10-09',1554.91,'Despesa 359','OUTROS');
INSERT INTO DESPESA VALUES (360,14,'2024-06-06',1739.74,'Despesa 360','OUTROS');
INSERT INTO DESPESA VALUES (361,53,'2024-07-18',542.23,'Despesa 361','OUTROS');
INSERT INTO DESPESA VALUES (362,29,'2024-09-21',47.81,'Despesa 362','OUTROS');
INSERT INTO DESPESA VALUES (363,54,'2024-08-16',1010.7,'Despesa 363','OUTROS');
INSERT INTO DESPESA VALUES (364,40,'2024-08-12',907.09,'Despesa 364','OUTROS');
INSERT INTO DESPESA VALUES (365,76,'2024-07-07',762.55,'Despesa 365','OUTROS');
INSERT INTO DESPESA VALUES (366,62,'2024-04-02',1023.64,'Despesa 366','OUTROS');
INSERT INTO DESPESA VALUES (367,66,'2024-05-13',375.18,'Despesa 367','OUTROS');
INSERT INTO DESPESA VALUES (368,31,'2024-06-14',780.27,'Despesa 368','OUTROS');
INSERT INTO DESPESA VALUES (369,44,'2024-09-06',508.99,'Despesa 369','OUTROS');
INSERT INTO DESPESA VALUES (370,74,'2024-06-11',999.31,'Despesa 370','OUTROS');
INSERT INTO DESPESA VALUES (371,26,'2024-09-28',785.25,'Despesa 371','OUTROS');
INSERT INTO DESPESA VALUES (372,66,'2024-04-04',1868.18,'Despesa 372','OUTROS');
INSERT INTO DESPESA VALUES (373,3,'2024-12-25',1300.25,'Despesa 373','OUTROS');
INSERT INTO DESPESA VALUES (374,62,'2024-06-19',1654.14,'Despesa 374','OUTROS');
INSERT INTO DESPESA VALUES (375,79,'2024-09-28',1462.39,'Despesa 375','OUTROS');
INSERT INTO DESPESA VALUES (376,12,'2024-11-18',1601.81,'Despesa 376','OUTROS');
INSERT INTO DESPESA VALUES (377,80,'2024-05-04',427.87,'Despesa 377','OUTROS');
INSERT INTO DESPESA VALUES (378,4,'2024-05-20',1809.48,'Despesa 378','OUTROS');
INSERT INTO DESPESA VALUES (379,77,'2024-10-05',1987.17,'Despesa 379','OUTROS');
INSERT INTO DESPESA VALUES (380,6,'2024-04-27',806.4,'Despesa 380','OUTROS');
INSERT INTO DESPESA VALUES (381,79,'2024-03-24',844.39,'Despesa 381','OUTROS');
INSERT INTO DESPESA VALUES (382,78,'2024-02-20',784.89,'Despesa 382','OUTROS');
INSERT INTO DESPESA VALUES (383,70,'2024-08-07',825.57,'Despesa 383','OUTROS');
INSERT INTO DESPESA VALUES (384,19,'2024-04-12',1960.67,'Despesa 384','OUTROS');
INSERT INTO DESPESA VALUES (385,9,'2024-12-24',1134.77,'Despesa 385','OUTROS');
INSERT INTO DESPESA VALUES (386,74,'2024-04-06',1480.14,'Despesa 386','OUTROS');
INSERT INTO DESPESA VALUES (387,40,'2024-08-02',803.66,'Despesa 387','OUTROS');
INSERT INTO DESPESA VALUES (388,60,'2024-02-18',1965.81,'Despesa 388','OUTROS');
INSERT INTO DESPESA VALUES (389,21,'2024-12-11',1383.13,'Despesa 389','OUTROS');
INSERT INTO DESPESA VALUES (390,26,'2024-10-01',919.67,'Despesa 390','OUTROS');
INSERT INTO DESPESA VALUES (391,3,'2024-06-23',1410.66,'Despesa 391','OUTROS');
INSERT INTO DESPESA VALUES (392,43,'2024-03-02',1012.51,'Despesa 392','OUTROS');
INSERT INTO DESPESA VALUES (393,36,'2024-08-05',789.1,'Despesa 393','OUTROS');
INSERT INTO DESPESA VALUES (394,54,'2024-01-12',33.22,'Despesa 394','OUTROS');
INSERT INTO DESPESA VALUES (395,62,'2024-10-16',1912.59,'Despesa 395','OUTROS');
INSERT INTO DESPESA VALUES (396,68,'2024-09-08',530.9,'Despesa 396','OUTROS');
INSERT INTO DESPESA VALUES (397,74,'2024-01-21',995.06,'Despesa 397','OUTROS');
INSERT INTO DESPESA VALUES (398,59,'2024-04-03',529.83,'Despesa 398','OUTROS');
INSERT INTO DESPESA VALUES (399,70,'2024-02-09',1194.43,'Despesa 399','OUTROS');
INSERT INTO DESPESA VALUES (400,76,'2024-02-22',164.35,'Despesa 400','OUTROS');

-- 4. Povoamento da tabela DESPESA_PESSOAL
INSERT INTO DESPESA_PESSOAL VALUES (1,'Salário');
INSERT INTO DESPESA_PESSOAL VALUES (2,'Benefícios');
INSERT INTO DESPESA_PESSOAL VALUES (3,'Benefícios');
INSERT INTO DESPESA_PESSOAL VALUES (4,'Treinamento');
INSERT INTO DESPESA_PESSOAL VALUES (5,'Benefícios');
INSERT INTO DESPESA_PESSOAL VALUES (6,'Ajuda de Custo');
INSERT INTO DESPESA_PESSOAL VALUES (7,'Ajuda de Custo');
INSERT INTO DESPESA_PESSOAL VALUES (8,'Ajuda de Custo');
INSERT INTO DESPESA_PESSOAL VALUES (9,'Benefícios');
INSERT INTO DESPESA_PESSOAL VALUES (10,'Treinamento');
INSERT INTO DESPESA_PESSOAL VALUES (11,'Treinamento');
INSERT INTO DESPESA_PESSOAL VALUES (12,'13º Salário');
INSERT INTO DESPESA_PESSOAL VALUES (13,'Benefícios');
INSERT INTO DESPESA_PESSOAL VALUES (14,'Salário');
INSERT INTO DESPESA_PESSOAL VALUES (15,'Férias');
INSERT INTO DESPESA_PESSOAL VALUES (16,'13º Salário');
INSERT INTO DESPESA_PESSOAL VALUES (17,'Salário');
INSERT INTO DESPESA_PESSOAL VALUES (18,'13º Salário');
INSERT INTO DESPESA_PESSOAL VALUES (19,'Férias');
INSERT INTO DESPESA_PESSOAL VALUES (20,'Férias');
INSERT INTO DESPESA_PESSOAL VALUES (21,'Férias');
INSERT INTO DESPESA_PESSOAL VALUES (22,'Treinamento');
INSERT INTO DESPESA_PESSOAL VALUES (23,'Férias');
INSERT INTO DESPESA_PESSOAL VALUES (24,'Hora Extra');
INSERT INTO DESPESA_PESSOAL VALUES (25,'Hora Extra');
INSERT INTO DESPESA_PESSOAL VALUES (26,'Ajuda de Custo');
INSERT INTO DESPESA_PESSOAL VALUES (27,'13º Salário');
INSERT INTO DESPESA_PESSOAL VALUES (28,'13º Salário');
INSERT INTO DESPESA_PESSOAL VALUES (29,'13º Salário');
INSERT INTO DESPESA_PESSOAL VALUES (30,'Benefícios');
INSERT INTO DESPESA_PESSOAL VALUES (31,'Férias');
INSERT INTO DESPESA_PESSOAL VALUES (32,'Férias');
INSERT INTO DESPESA_PESSOAL VALUES (33,'Ajuda de Custo');
INSERT INTO DESPESA_PESSOAL VALUES (34,'Benefícios');
INSERT INTO DESPESA_PESSOAL VALUES (35,'Ajuda de Custo');
INSERT INTO DESPESA_PESSOAL VALUES (36,'Treinamento');
INSERT INTO DESPESA_PESSOAL VALUES (37,'Treinamento');
INSERT INTO DESPESA_PESSOAL VALUES (38,'Benefícios');
INSERT INTO DESPESA_PESSOAL VALUES (39,'Treinamento');
INSERT INTO DESPESA_PESSOAL VALUES (40,'13º Salário');
INSERT INTO DESPESA_PESSOAL VALUES (41,'Férias');
INSERT INTO DESPESA_PESSOAL VALUES (42,'Treinamento');
INSERT INTO DESPESA_PESSOAL VALUES (43,'Hora Extra');
INSERT INTO DESPESA_PESSOAL VALUES (44,'Benefícios');
INSERT INTO DESPESA_PESSOAL VALUES (45,'Férias');
INSERT INTO DESPESA_PESSOAL VALUES (46,'13º Salário');
INSERT INTO DESPESA_PESSOAL VALUES (47,'Benefícios');
INSERT INTO DESPESA_PESSOAL VALUES (48,'Férias');
INSERT INTO DESPESA_PESSOAL VALUES (49,'Ajuda de Custo');
INSERT INTO DESPESA_PESSOAL VALUES (50,'Ajuda de Custo');
INSERT INTO DESPESA_PESSOAL VALUES (51,'Hora Extra');
INSERT INTO DESPESA_PESSOAL VALUES (52,'Férias');
INSERT INTO DESPESA_PESSOAL VALUES (53,'Benefícios');
INSERT INTO DESPESA_PESSOAL VALUES (54,'Hora Extra');
INSERT INTO DESPESA_PESSOAL VALUES (55,'Hora Extra');
INSERT INTO DESPESA_PESSOAL VALUES (56,'Férias');
INSERT INTO DESPESA_PESSOAL VALUES (57,'Férias');
INSERT INTO DESPESA_PESSOAL VALUES (58,'Ajuda de Custo');
INSERT INTO DESPESA_PESSOAL VALUES (59,'Salário');
INSERT INTO DESPESA_PESSOAL VALUES (60,'Benefícios');
INSERT INTO DESPESA_PESSOAL VALUES (61,'13º Salário');
INSERT INTO DESPESA_PESSOAL VALUES (62,'Ajuda de Custo');
INSERT INTO DESPESA_PESSOAL VALUES (63,'Ajuda de Custo');
INSERT INTO DESPESA_PESSOAL VALUES (64,'Férias');
INSERT INTO DESPESA_PESSOAL VALUES (65,'Hora Extra');
INSERT INTO DESPESA_PESSOAL VALUES (66,'Ajuda de Custo');
INSERT INTO DESPESA_PESSOAL VALUES (67,'Ajuda de Custo');
INSERT INTO DESPESA_PESSOAL VALUES (68,'Ajuda de Custo');
INSERT INTO DESPESA_PESSOAL VALUES (69,'Benefícios');
INSERT INTO DESPESA_PESSOAL VALUES (70,'Férias');
INSERT INTO DESPESA_PESSOAL VALUES (71,'Férias');
INSERT INTO DESPESA_PESSOAL VALUES (72,'Ajuda de Custo');
INSERT INTO DESPESA_PESSOAL VALUES (73,'Hora Extra');
INSERT INTO DESPESA_PESSOAL VALUES (74,'Hora Extra');
INSERT INTO DESPESA_PESSOAL VALUES (75,'Ajuda de Custo');
INSERT INTO DESPESA_PESSOAL VALUES (76,'Benefícios');
INSERT INTO DESPESA_PESSOAL VALUES (77,'Treinamento');
INSERT INTO DESPESA_PESSOAL VALUES (78,'Salário');
INSERT INTO DESPESA_PESSOAL VALUES (79,'13º Salário');
INSERT INTO DESPESA_PESSOAL VALUES (80,'Benefícios');

-- 5. Povoamento da tabela DESPESA_UTILIDADE
INSERT INTO DESPESA_UTILIDADE VALUES (81,'Gás');
INSERT INTO DESPESA_UTILIDADE VALUES (82,'Esgoto');
INSERT INTO DESPESA_UTILIDADE VALUES (83,'Esgoto');
INSERT INTO DESPESA_UTILIDADE VALUES (84,'Telefone');
INSERT INTO DESPESA_UTILIDADE VALUES (85,'Esgoto');
INSERT INTO DESPESA_UTILIDADE VALUES (86,'Gás');
INSERT INTO DESPESA_UTILIDADE VALUES (87,'Energia');
INSERT INTO DESPESA_UTILIDADE VALUES (88,'Internet');
INSERT INTO DESPESA_UTILIDADE VALUES (89,'Coleta de lixo');
INSERT INTO DESPESA_UTILIDADE VALUES (90,'Energia');
INSERT INTO DESPESA_UTILIDADE VALUES (91,'Coleta de lixo');
INSERT INTO DESPESA_UTILIDADE VALUES (92,'Coleta de lixo');
INSERT INTO DESPESA_UTILIDADE VALUES (93,'Água');
INSERT INTO DESPESA_UTILIDADE VALUES (94,'Esgoto');
INSERT INTO DESPESA_UTILIDADE VALUES (95,'Coleta de lixo');
INSERT INTO DESPESA_UTILIDADE VALUES (96,'Água');
INSERT INTO DESPESA_UTILIDADE VALUES (97,'Esgoto');
INSERT INTO DESPESA_UTILIDADE VALUES (98,'Gás');
INSERT INTO DESPESA_UTILIDADE VALUES (99,'Esgoto');
INSERT INTO DESPESA_UTILIDADE VALUES (100,'Gás');
INSERT INTO DESPESA_UTILIDADE VALUES (101,'Água');
INSERT INTO DESPESA_UTILIDADE VALUES (102,'Energia');
INSERT INTO DESPESA_UTILIDADE VALUES (103,'Água');
INSERT INTO DESPESA_UTILIDADE VALUES (104,'Internet');
INSERT INTO DESPESA_UTILIDADE VALUES (105,'Telefone');
INSERT INTO DESPESA_UTILIDADE VALUES (106,'Gás');
INSERT INTO DESPESA_UTILIDADE VALUES (107,'Internet');
INSERT INTO DESPESA_UTILIDADE VALUES (108,'Energia');
INSERT INTO DESPESA_UTILIDADE VALUES (109,'Internet');
INSERT INTO DESPESA_UTILIDADE VALUES (110,'Coleta de lixo');
INSERT INTO DESPESA_UTILIDADE VALUES (111,'Telefone');
INSERT INTO DESPESA_UTILIDADE VALUES (112,'Telefone');
INSERT INTO DESPESA_UTILIDADE VALUES (113,'Gás');
INSERT INTO DESPESA_UTILIDADE VALUES (114,'Energia');
INSERT INTO DESPESA_UTILIDADE VALUES (115,'Coleta de lixo');
INSERT INTO DESPESA_UTILIDADE VALUES (116,'Internet');
INSERT INTO DESPESA_UTILIDADE VALUES (117,'Gás');
INSERT INTO DESPESA_UTILIDADE VALUES (118,'Telefone');
INSERT INTO DESPESA_UTILIDADE VALUES (119,'Telefone');
INSERT INTO DESPESA_UTILIDADE VALUES (120,'Gás');
INSERT INTO DESPESA_UTILIDADE VALUES (121,'Esgoto');
INSERT INTO DESPESA_UTILIDADE VALUES (122,'Telefone');
INSERT INTO DESPESA_UTILIDADE VALUES (123,'Esgoto');
INSERT INTO DESPESA_UTILIDADE VALUES (124,'Coleta de lixo');
INSERT INTO DESPESA_UTILIDADE VALUES (125,'Telefone');
INSERT INTO DESPESA_UTILIDADE VALUES (126,'Internet');
INSERT INTO DESPESA_UTILIDADE VALUES (127,'Telefone');
INSERT INTO DESPESA_UTILIDADE VALUES (128,'Energia');
INSERT INTO DESPESA_UTILIDADE VALUES (129,'Esgoto');
INSERT INTO DESPESA_UTILIDADE VALUES (130,'Água');
INSERT INTO DESPESA_UTILIDADE VALUES (131,'Coleta de lixo');
INSERT INTO DESPESA_UTILIDADE VALUES (132,'Gás');
INSERT INTO DESPESA_UTILIDADE VALUES (133,'Gás');
INSERT INTO DESPESA_UTILIDADE VALUES (134,'Gás');
INSERT INTO DESPESA_UTILIDADE VALUES (135,'Água');
INSERT INTO DESPESA_UTILIDADE VALUES (136,'Água');
INSERT INTO DESPESA_UTILIDADE VALUES (137,'Energia');
INSERT INTO DESPESA_UTILIDADE VALUES (138,'Gás');
INSERT INTO DESPESA_UTILIDADE VALUES (139,'Esgoto');
INSERT INTO DESPESA_UTILIDADE VALUES (140,'Coleta de lixo');
INSERT INTO DESPESA_UTILIDADE VALUES (141,'Esgoto');
INSERT INTO DESPESA_UTILIDADE VALUES (142,'Água');
INSERT INTO DESPESA_UTILIDADE VALUES (143,'Gás');
INSERT INTO DESPESA_UTILIDADE VALUES (144,'Internet');
INSERT INTO DESPESA_UTILIDADE VALUES (145,'Água');
INSERT INTO DESPESA_UTILIDADE VALUES (146,'Esgoto');
INSERT INTO DESPESA_UTILIDADE VALUES (147,'Gás');
INSERT INTO DESPESA_UTILIDADE VALUES (148,'Coleta de lixo');
INSERT INTO DESPESA_UTILIDADE VALUES (149,'Internet');
INSERT INTO DESPESA_UTILIDADE VALUES (150,'Internet');
INSERT INTO DESPESA_UTILIDADE VALUES (151,'Internet');
INSERT INTO DESPESA_UTILIDADE VALUES (152,'Gás');
INSERT INTO DESPESA_UTILIDADE VALUES (153,'Telefone');
INSERT INTO DESPESA_UTILIDADE VALUES (154,'Telefone');
INSERT INTO DESPESA_UTILIDADE VALUES (155,'Telefone');
INSERT INTO DESPESA_UTILIDADE VALUES (156,'Internet');
INSERT INTO DESPESA_UTILIDADE VALUES (157,'Coleta de lixo');
INSERT INTO DESPESA_UTILIDADE VALUES (158,'Telefone');
INSERT INTO DESPESA_UTILIDADE VALUES (159,'Telefone');
INSERT INTO DESPESA_UTILIDADE VALUES (160,'Coleta de lixo');

-- 6. Povoamento da tabela DESPESA_INSUMO
INSERT INTO DESPESA_INSUMO VALUES (161,'Ferramenta',19.36,122.34);
INSERT INTO DESPESA_INSUMO VALUES (162,'Ração',1.77,199.7);
INSERT INTO DESPESA_INSUMO VALUES (163,'Ração',9.27,194.27);
INSERT INTO DESPESA_INSUMO VALUES (164,'Embalagem',8.42,180.02);
INSERT INTO DESPESA_INSUMO VALUES (165,'Ferramenta',47.22,61.52);
INSERT INTO DESPESA_INSUMO VALUES (166,'Filtro',31.3,53.97);
INSERT INTO DESPESA_INSUMO VALUES (167,'Produto Químico',46.3,173.82);
INSERT INTO DESPESA_INSUMO VALUES (168,'Aditivo',20.02,120.59);
INSERT INTO DESPESA_INSUMO VALUES (169,'Ração',10.62,5.19);
INSERT INTO DESPESA_INSUMO VALUES (170,'Filtro',48.77,117.39);
INSERT INTO DESPESA_INSUMO VALUES (171,'Embalagem',38.79,172.91);
INSERT INTO DESPESA_INSUMO VALUES (172,'Produto Químico',44.19,132.0);
INSERT INTO DESPESA_INSUMO VALUES (173,'Embalagem',21.86,174.72);
INSERT INTO DESPESA_INSUMO VALUES (174,'Embalagem',35.89,27.73);
INSERT INTO DESPESA_INSUMO VALUES (175,'Filtro',46.1,21.16);
INSERT INTO DESPESA_INSUMO VALUES (176,'Embalagem',39.08,16.51);
INSERT INTO DESPESA_INSUMO VALUES (177,'Ração',19.67,23.88);
INSERT INTO DESPESA_INSUMO VALUES (178,'Ferramenta',2.74,118.16);
INSERT INTO DESPESA_INSUMO VALUES (179,'Filtro',43.76,187.25);
INSERT INTO DESPESA_INSUMO VALUES (180,'Aditivo',38.55,9.1);
INSERT INTO DESPESA_INSUMO VALUES (181,'Ração',14.12,107.93);
INSERT INTO DESPESA_INSUMO VALUES (182,'Ração',22.09,135.34);
INSERT INTO DESPESA_INSUMO VALUES (183,'Filtro',39.77,72.48);
INSERT INTO DESPESA_INSUMO VALUES (184,'Ferramenta',26.65,90.57);
INSERT INTO DESPESA_INSUMO VALUES (185,'Ferramenta',12.52,192.18);
INSERT INTO DESPESA_INSUMO VALUES (186,'Produto Químico',46.23,33.55);
INSERT INTO DESPESA_INSUMO VALUES (187,'Ferramenta',29.08,12.69);
INSERT INTO DESPESA_INSUMO VALUES (188,'Embalagem',29.89,183.09);
INSERT INTO DESPESA_INSUMO VALUES (189,'Aditivo',4.35,6.23);
INSERT INTO DESPESA_INSUMO VALUES (190,'Filtro',12.21,183.87);
INSERT INTO DESPESA_INSUMO VALUES (191,'Ferramenta',19.79,173.28);
INSERT INTO DESPESA_INSUMO VALUES (192,'Filtro',38.7,160.1);
INSERT INTO DESPESA_INSUMO VALUES (193,'Ração',4.23,9.68);
INSERT INTO DESPESA_INSUMO VALUES (194,'Ferramenta',22.8,44.19);
INSERT INTO DESPESA_INSUMO VALUES (195,'Filtro',48.98,105.34);
INSERT INTO DESPESA_INSUMO VALUES (196,'Filtro',42.28,32.61);
INSERT INTO DESPESA_INSUMO VALUES (197,'Aditivo',34.15,100.53);
INSERT INTO DESPESA_INSUMO VALUES (198,'Produto Químico',12.54,121.47);
INSERT INTO DESPESA_INSUMO VALUES (199,'Aditivo',30.17,159.43);
INSERT INTO DESPESA_INSUMO VALUES (200,'Aditivo',36.79,30.72);
INSERT INTO DESPESA_INSUMO VALUES (201,'Aditivo',18.69,185.24);
INSERT INTO DESPESA_INSUMO VALUES (202,'Filtro',5.65,133.95);
INSERT INTO DESPESA_INSUMO VALUES (203,'Ração',6.89,135.27);
INSERT INTO DESPESA_INSUMO VALUES (204,'Ração',12.61,194.57);
INSERT INTO DESPESA_INSUMO VALUES (205,'Ferramenta',10.4,128.62);
INSERT INTO DESPESA_INSUMO VALUES (206,'Ração',43.11,58.47);
INSERT INTO DESPESA_INSUMO VALUES (207,'Ferramenta',17.91,97.14);
INSERT INTO DESPESA_INSUMO VALUES (208,'Ração',30.37,72.32);
INSERT INTO DESPESA_INSUMO VALUES (209,'Embalagem',36.89,132.14);
INSERT INTO DESPESA_INSUMO VALUES (210,'Ração',40.56,101.0);
INSERT INTO DESPESA_INSUMO VALUES (211,'Produto Químico',35.71,16.84);
INSERT INTO DESPESA_INSUMO VALUES (212,'Ração',29.53,52.1);
INSERT INTO DESPESA_INSUMO VALUES (213,'Aditivo',42.29,24.76);
INSERT INTO DESPESA_INSUMO VALUES (214,'Ferramenta',15.31,122.29);
INSERT INTO DESPESA_INSUMO VALUES (215,'Embalagem',9.87,65.84);
INSERT INTO DESPESA_INSUMO VALUES (216,'Filtro',21.61,43.29);
INSERT INTO DESPESA_INSUMO VALUES (217,'Produto Químico',16.45,51.11);
INSERT INTO DESPESA_INSUMO VALUES (218,'Ferramenta',48.2,190.25);
INSERT INTO DESPESA_INSUMO VALUES (219,'Produto Químico',22.68,131.98);
INSERT INTO DESPESA_INSUMO VALUES (220,'Ferramenta',25.81,85.54);
INSERT INTO DESPESA_INSUMO VALUES (221,'Produto Químico',20.16,33.55);
INSERT INTO DESPESA_INSUMO VALUES (222,'Ferramenta',21.05,189.64);
INSERT INTO DESPESA_INSUMO VALUES (223,'Produto Químico',17.85,71.19);
INSERT INTO DESPESA_INSUMO VALUES (224,'Ferramenta',15.19,164.11);
INSERT INTO DESPESA_INSUMO VALUES (225,'Filtro',46.91,167.24);
INSERT INTO DESPESA_INSUMO VALUES (226,'Ração',4.66,130.78);
INSERT INTO DESPESA_INSUMO VALUES (227,'Ferramenta',39.75,143.66);
INSERT INTO DESPESA_INSUMO VALUES (228,'Aditivo',27.05,178.85);
INSERT INTO DESPESA_INSUMO VALUES (229,'Produto Químico',26.69,151.52);
INSERT INTO DESPESA_INSUMO VALUES (230,'Embalagem',13.36,15.84);
INSERT INTO DESPESA_INSUMO VALUES (231,'Ferramenta',3.33,79.41);
INSERT INTO DESPESA_INSUMO VALUES (232,'Ração',5.23,15.96);
INSERT INTO DESPESA_INSUMO VALUES (233,'Ferramenta',9.28,52.72);
INSERT INTO DESPESA_INSUMO VALUES (234,'Filtro',3.16,24.69);
INSERT INTO DESPESA_INSUMO VALUES (235,'Produto Químico',43.39,23.84);
INSERT INTO DESPESA_INSUMO VALUES (236,'Embalagem',8.4,7.13);
INSERT INTO DESPESA_INSUMO VALUES (237,'Aditivo',12.55,34.3);
INSERT INTO DESPESA_INSUMO VALUES (238,'Produto Químico',47.54,82.23);
INSERT INTO DESPESA_INSUMO VALUES (239,'Produto Químico',39.02,18.27);
INSERT INTO DESPESA_INSUMO VALUES (240,'Embalagem',13.56,44.09);

-- 7. Povoamento da tabela DESPESA_OPERACIONAL
INSERT INTO DESPESA_OPERACIONAL VALUES (241,'Aluguel');
INSERT INTO DESPESA_OPERACIONAL VALUES (242,'Combustível');
INSERT INTO DESPESA_OPERACIONAL VALUES (243,'Aluguel');
INSERT INTO DESPESA_OPERACIONAL VALUES (244,'Manutenção');
INSERT INTO DESPESA_OPERACIONAL VALUES (245,'Consultoria');
INSERT INTO DESPESA_OPERACIONAL VALUES (246,'Consultoria');
INSERT INTO DESPESA_OPERACIONAL VALUES (247,'Combustível');
INSERT INTO DESPESA_OPERACIONAL VALUES (248,'Seguro');
INSERT INTO DESPESA_OPERACIONAL VALUES (249,'Seguro');
INSERT INTO DESPESA_OPERACIONAL VALUES (250,'Impostos');
INSERT INTO DESPESA_OPERACIONAL VALUES (251,'Manutenção');
INSERT INTO DESPESA_OPERACIONAL VALUES (252,'Manutenção');
INSERT INTO DESPESA_OPERACIONAL VALUES (253,'Seguro');
INSERT INTO DESPESA_OPERACIONAL VALUES (254,'Marketing');
INSERT INTO DESPESA_OPERACIONAL VALUES (255,'Aluguel');
INSERT INTO DESPESA_OPERACIONAL VALUES (256,'Marketing');
INSERT INTO DESPESA_OPERACIONAL VALUES (257,'Manutenção');
INSERT INTO DESPESA_OPERACIONAL VALUES (258,'Manutenção');
INSERT INTO DESPESA_OPERACIONAL VALUES (259,'Impostos');
INSERT INTO DESPESA_OPERACIONAL VALUES (260,'Manutenção');
INSERT INTO DESPESA_OPERACIONAL VALUES (261,'Aluguel');
INSERT INTO DESPESA_OPERACIONAL VALUES (262,'Marketing');
INSERT INTO DESPESA_OPERACIONAL VALUES (263,'Consultoria');
INSERT INTO DESPESA_OPERACIONAL VALUES (264,'Manutenção');
INSERT INTO DESPESA_OPERACIONAL VALUES (265,'Impostos');
INSERT INTO DESPESA_OPERACIONAL VALUES (266,'Impostos');
INSERT INTO DESPESA_OPERACIONAL VALUES (267,'Consultoria');
INSERT INTO DESPESA_OPERACIONAL VALUES (268,'Manutenção');
INSERT INTO DESPESA_OPERACIONAL VALUES (269,'Seguro');
INSERT INTO DESPESA_OPERACIONAL VALUES (270,'Manutenção');
INSERT INTO DESPESA_OPERACIONAL VALUES (271,'Consultoria');
INSERT INTO DESPESA_OPERACIONAL VALUES (272,'Manutenção');
INSERT INTO DESPESA_OPERACIONAL VALUES (273,'Combustível');
INSERT INTO DESPESA_OPERACIONAL VALUES (274,'Impostos');
INSERT INTO DESPESA_OPERACIONAL VALUES (275,'Impostos');
INSERT INTO DESPESA_OPERACIONAL VALUES (276,'Consultoria');
INSERT INTO DESPESA_OPERACIONAL VALUES (277,'Aluguel');
INSERT INTO DESPESA_OPERACIONAL VALUES (278,'Aluguel');
INSERT INTO DESPESA_OPERACIONAL VALUES (279,'Manutenção');
INSERT INTO DESPESA_OPERACIONAL VALUES (280,'Consultoria');
INSERT INTO DESPESA_OPERACIONAL VALUES (281,'Manutenção');
INSERT INTO DESPESA_OPERACIONAL VALUES (282,'Seguro');
INSERT INTO DESPESA_OPERACIONAL VALUES (283,'Consultoria');
INSERT INTO DESPESA_OPERACIONAL VALUES (284,'Seguro');
INSERT INTO DESPESA_OPERACIONAL VALUES (285,'Marketing');
INSERT INTO DESPESA_OPERACIONAL VALUES (286,'Aluguel');
INSERT INTO DESPESA_OPERACIONAL VALUES (287,'Consultoria');
INSERT INTO DESPESA_OPERACIONAL VALUES (288,'Manutenção');
INSERT INTO DESPESA_OPERACIONAL VALUES (289,'Consultoria');
INSERT INTO DESPESA_OPERACIONAL VALUES (290,'Manutenção');
INSERT INTO DESPESA_OPERACIONAL VALUES (291,'Consultoria');
INSERT INTO DESPESA_OPERACIONAL VALUES (292,'Seguro');
INSERT INTO DESPESA_OPERACIONAL VALUES (293,'Consultoria');
INSERT INTO DESPESA_OPERACIONAL VALUES (294,'Consultoria');
INSERT INTO DESPESA_OPERACIONAL VALUES (295,'Marketing');
INSERT INTO DESPESA_OPERACIONAL VALUES (296,'Impostos');
INSERT INTO DESPESA_OPERACIONAL VALUES (297,'Impostos');
INSERT INTO DESPESA_OPERACIONAL VALUES (298,'Impostos');
INSERT INTO DESPESA_OPERACIONAL VALUES (299,'Consultoria');
INSERT INTO DESPESA_OPERACIONAL VALUES (300,'Seguro');
INSERT INTO DESPESA_OPERACIONAL VALUES (301,'Impostos');
INSERT INTO DESPESA_OPERACIONAL VALUES (302,'Combustível');
INSERT INTO DESPESA_OPERACIONAL VALUES (303,'Impostos');
INSERT INTO DESPESA_OPERACIONAL VALUES (304,'Aluguel');
INSERT INTO DESPESA_OPERACIONAL VALUES (305,'Combustível');
INSERT INTO DESPESA_OPERACIONAL VALUES (306,'Manutenção');
INSERT INTO DESPESA_OPERACIONAL VALUES (307,'Manutenção');
INSERT INTO DESPESA_OPERACIONAL VALUES (308,'Seguro');
INSERT INTO DESPESA_OPERACIONAL VALUES (309,'Consultoria');
INSERT INTO DESPESA_OPERACIONAL VALUES (310,'Combustível');
INSERT INTO DESPESA_OPERACIONAL VALUES (311,'Consultoria');
INSERT INTO DESPESA_OPERACIONAL VALUES (312,'Combustível');
INSERT INTO DESPESA_OPERACIONAL VALUES (313,'Manutenção');
INSERT INTO DESPESA_OPERACIONAL VALUES (314,'Consultoria');
INSERT INTO DESPESA_OPERACIONAL VALUES (315,'Aluguel');
INSERT INTO DESPESA_OPERACIONAL VALUES (316,'Impostos');
INSERT INTO DESPESA_OPERACIONAL VALUES (317,'Combustível');
INSERT INTO DESPESA_OPERACIONAL VALUES (318,'Impostos');
INSERT INTO DESPESA_OPERACIONAL VALUES (319,'Consultoria');
INSERT INTO DESPESA_OPERACIONAL VALUES (320,'Marketing');

-- 8. Povoamento da tabela DESPESA_OUTROS
INSERT INTO DESPESA_OUTROS VALUES (321);
INSERT INTO DESPESA_OUTROS VALUES (322);
INSERT INTO DESPESA_OUTROS VALUES (323);
INSERT INTO DESPESA_OUTROS VALUES (324);
INSERT INTO DESPESA_OUTROS VALUES (325);
INSERT INTO DESPESA_OUTROS VALUES (326);
INSERT INTO DESPESA_OUTROS VALUES (327);
INSERT INTO DESPESA_OUTROS VALUES (328);
INSERT INTO DESPESA_OUTROS VALUES (329);
INSERT INTO DESPESA_OUTROS VALUES (330);
INSERT INTO DESPESA_OUTROS VALUES (331);
INSERT INTO DESPESA_OUTROS VALUES (332);
INSERT INTO DESPESA_OUTROS VALUES (333);
INSERT INTO DESPESA_OUTROS VALUES (334);
INSERT INTO DESPESA_OUTROS VALUES (335);
INSERT INTO DESPESA_OUTROS VALUES (336);
INSERT INTO DESPESA_OUTROS VALUES (337);
INSERT INTO DESPESA_OUTROS VALUES (338);
INSERT INTO DESPESA_OUTROS VALUES (339);
INSERT INTO DESPESA_OUTROS VALUES (340);
INSERT INTO DESPESA_OUTROS VALUES (341);
INSERT INTO DESPESA_OUTROS VALUES (342);
INSERT INTO DESPESA_OUTROS VALUES (343);
INSERT INTO DESPESA_OUTROS VALUES (344);
INSERT INTO DESPESA_OUTROS VALUES (345);
INSERT INTO DESPESA_OUTROS VALUES (346);
INSERT INTO DESPESA_OUTROS VALUES (347);
INSERT INTO DESPESA_OUTROS VALUES (348);
INSERT INTO DESPESA_OUTROS VALUES (349);
INSERT INTO DESPESA_OUTROS VALUES (350);
INSERT INTO DESPESA_OUTROS VALUES (351);
INSERT INTO DESPESA_OUTROS VALUES (352);
INSERT INTO DESPESA_OUTROS VALUES (353);
INSERT INTO DESPESA_OUTROS VALUES (354);
INSERT INTO DESPESA_OUTROS VALUES (355);
INSERT INTO DESPESA_OUTROS VALUES (356);
INSERT INTO DESPESA_OUTROS VALUES (357);
INSERT INTO DESPESA_OUTROS VALUES (358);
INSERT INTO DESPESA_OUTROS VALUES (359);
INSERT INTO DESPESA_OUTROS VALUES (360);
INSERT INTO DESPESA_OUTROS VALUES (361);
INSERT INTO DESPESA_OUTROS VALUES (362);
INSERT INTO DESPESA_OUTROS VALUES (363);
INSERT INTO DESPESA_OUTROS VALUES (364);
INSERT INTO DESPESA_OUTROS VALUES (365);
INSERT INTO DESPESA_OUTROS VALUES (366);
INSERT INTO DESPESA_OUTROS VALUES (367);
INSERT INTO DESPESA_OUTROS VALUES (368);
INSERT INTO DESPESA_OUTROS VALUES (369);
INSERT INTO DESPESA_OUTROS VALUES (370);
INSERT INTO DESPESA_OUTROS VALUES (371);
INSERT INTO DESPESA_OUTROS VALUES (372);
INSERT INTO DESPESA_OUTROS VALUES (373);
INSERT INTO DESPESA_OUTROS VALUES (374);
INSERT INTO DESPESA_OUTROS VALUES (375);
INSERT INTO DESPESA_OUTROS VALUES (376);
INSERT INTO DESPESA_OUTROS VALUES (377);
INSERT INTO DESPESA_OUTROS VALUES (378);
INSERT INTO DESPESA_OUTROS VALUES (379);
INSERT INTO DESPESA_OUTROS VALUES (380);
INSERT INTO DESPESA_OUTROS VALUES (381);
INSERT INTO DESPESA_OUTROS VALUES (382);
INSERT INTO DESPESA_OUTROS VALUES (383);
INSERT INTO DESPESA_OUTROS VALUES (384);
INSERT INTO DESPESA_OUTROS VALUES (385);
INSERT INTO DESPESA_OUTROS VALUES (386);
INSERT INTO DESPESA_OUTROS VALUES (387);
INSERT INTO DESPESA_OUTROS VALUES (388);
INSERT INTO DESPESA_OUTROS VALUES (389);
INSERT INTO DESPESA_OUTROS VALUES (390);
INSERT INTO DESPESA_OUTROS VALUES (391);
INSERT INTO DESPESA_OUTROS VALUES (392);
INSERT INTO DESPESA_OUTROS VALUES (393);
INSERT INTO DESPESA_OUTROS VALUES (394);
INSERT INTO DESPESA_OUTROS VALUES (395);
INSERT INTO DESPESA_OUTROS VALUES (396);
INSERT INTO DESPESA_OUTROS VALUES (397);
INSERT INTO DESPESA_OUTROS VALUES (398);
INSERT INTO DESPESA_OUTROS VALUES (399);
INSERT INTO DESPESA_OUTROS VALUES (400);

-- 9. Povoamento da tabela PRECO_VENDA
INSERT INTO PRECO_VENDA VALUES (1,2.02,'2024-01-04','2024-01-24');
INSERT INTO PRECO_VENDA VALUES (2,2.04,'2024-01-07','2024-01-27');
INSERT INTO PRECO_VENDA VALUES (3,2.06,'2024-01-10','2024-01-30');
INSERT INTO PRECO_VENDA VALUES (4,2.08,'2024-01-13','2024-02-02');
INSERT INTO PRECO_VENDA VALUES (5,2.1,'2024-01-16','2024-02-05');
INSERT INTO PRECO_VENDA VALUES (6,2.12,'2024-01-19','2024-02-08');
INSERT INTO PRECO_VENDA VALUES (7,2.14,'2024-01-22','2024-02-11');
INSERT INTO PRECO_VENDA VALUES (8,2.16,'2024-01-25','2024-02-14');
INSERT INTO PRECO_VENDA VALUES (9,2.18,'2024-01-28','2024-02-17');
INSERT INTO PRECO_VENDA VALUES (10,2.2,'2024-01-31','2024-02-20');
INSERT INTO PRECO_VENDA VALUES (11,2.22,'2024-02-03','2024-02-23');
INSERT INTO PRECO_VENDA VALUES (12,2.24,'2024-02-06','2024-02-26');
INSERT INTO PRECO_VENDA VALUES (13,2.26,'2024-02-09','2024-02-29');
INSERT INTO PRECO_VENDA VALUES (14,2.28,'2024-02-12','2024-03-03');
INSERT INTO PRECO_VENDA VALUES (15,2.3,'2024-02-15','2024-03-06');
INSERT INTO PRECO_VENDA VALUES (16,2.32,'2024-02-18','2024-03-09');
INSERT INTO PRECO_VENDA VALUES (17,2.34,'2024-02-21','2024-03-12');
INSERT INTO PRECO_VENDA VALUES (18,2.36,'2024-02-24','2024-03-15');
INSERT INTO PRECO_VENDA VALUES (19,2.38,'2024-02-27','2024-03-18');
INSERT INTO PRECO_VENDA VALUES (20,2.4,'2024-03-01','2024-03-21');
INSERT INTO PRECO_VENDA VALUES (21,2.42,'2024-03-04','2024-03-24');
INSERT INTO PRECO_VENDA VALUES (22,2.44,'2024-03-07','2024-03-27');
INSERT INTO PRECO_VENDA VALUES (23,2.46,'2024-03-10','2024-03-30');
INSERT INTO PRECO_VENDA VALUES (24,2.48,'2024-03-13','2024-04-02');
INSERT INTO PRECO_VENDA VALUES (25,2.5,'2024-03-16','2024-04-05');
INSERT INTO PRECO_VENDA VALUES (26,2.52,'2024-03-19','2024-04-08');
INSERT INTO PRECO_VENDA VALUES (27,2.54,'2024-03-22','2024-04-11');
INSERT INTO PRECO_VENDA VALUES (28,2.56,'2024-03-25','2024-04-14');
INSERT INTO PRECO_VENDA VALUES (29,2.58,'2024-03-28','2024-04-17');
INSERT INTO PRECO_VENDA VALUES (30,2.6,'2024-03-31','2024-04-20');
INSERT INTO PRECO_VENDA VALUES (31,2.62,'2024-04-03','2024-04-23');
INSERT INTO PRECO_VENDA VALUES (32,2.64,'2024-04-06','2024-04-26');
INSERT INTO PRECO_VENDA VALUES (33,2.66,'2024-04-09','2024-04-29');
INSERT INTO PRECO_VENDA VALUES (34,2.68,'2024-04-12','2024-05-02');
INSERT INTO PRECO_VENDA VALUES (35,2.7,'2024-04-15','2024-05-05');
INSERT INTO PRECO_VENDA VALUES (36,2.72,'2024-04-18','2024-05-08');
INSERT INTO PRECO_VENDA VALUES (37,2.74,'2024-04-21','2024-05-11');
INSERT INTO PRECO_VENDA VALUES (38,2.76,'2024-04-24','2024-05-14');
INSERT INTO PRECO_VENDA VALUES (39,2.78,'2024-04-27','2024-05-17');
INSERT INTO PRECO_VENDA VALUES (40,2.8,'2024-04-30','2024-05-20');
INSERT INTO PRECO_VENDA VALUES (41,2.82,'2024-05-03','2024-05-23');
INSERT INTO PRECO_VENDA VALUES (42,2.84,'2024-05-06','2024-05-26');
INSERT INTO PRECO_VENDA VALUES (43,2.86,'2024-05-09','2024-05-29');
INSERT INTO PRECO_VENDA VALUES (44,2.88,'2024-05-12','2024-06-01');
INSERT INTO PRECO_VENDA VALUES (45,2.9,'2024-05-15','2024-06-04');
INSERT INTO PRECO_VENDA VALUES (46,2.92,'2024-05-18','2024-06-07');
INSERT INTO PRECO_VENDA VALUES (47,2.94,'2024-05-21','2024-06-10');
INSERT INTO PRECO_VENDA VALUES (48,2.96,'2024-05-24','2024-06-13');
INSERT INTO PRECO_VENDA VALUES (49,2.98,'2024-05-27','2024-06-16');
INSERT INTO PRECO_VENDA VALUES (50,3.0,'2024-05-30','2024-06-19');
INSERT INTO PRECO_VENDA VALUES (51,3.02,'2024-06-02','2024-06-22');
INSERT INTO PRECO_VENDA VALUES (52,3.04,'2024-06-05','2024-06-25');
INSERT INTO PRECO_VENDA VALUES (53,3.06,'2024-06-08','2024-06-28');
INSERT INTO PRECO_VENDA VALUES (54,3.08,'2024-06-11','2024-07-01');
INSERT INTO PRECO_VENDA VALUES (55,3.1,'2024-06-14','2024-07-04');
INSERT INTO PRECO_VENDA VALUES (56,3.12,'2024-06-17','2024-07-07');
INSERT INTO PRECO_VENDA VALUES (57,3.14,'2024-06-20','2024-07-10');
INSERT INTO PRECO_VENDA VALUES (58,3.16,'2024-06-23','2024-07-13');
INSERT INTO PRECO_VENDA VALUES (59,3.18,'2024-06-26','2024-07-16');
INSERT INTO PRECO_VENDA VALUES (60,3.2,'2024-06-29','2024-07-19');
INSERT INTO PRECO_VENDA VALUES (61,3.22,'2024-07-02','2024-07-22');
INSERT INTO PRECO_VENDA VALUES (62,3.24,'2024-07-05','2024-07-25');
INSERT INTO PRECO_VENDA VALUES (63,3.26,'2024-07-08','2024-07-28');
INSERT INTO PRECO_VENDA VALUES (64,3.28,'2024-07-11','2024-07-31');
INSERT INTO PRECO_VENDA VALUES (65,3.3,'2024-07-14','2024-08-03');
INSERT INTO PRECO_VENDA VALUES (66,3.32,'2024-07-17','2024-08-06');
INSERT INTO PRECO_VENDA VALUES (67,3.34,'2024-07-20','2024-08-09');
INSERT INTO PRECO_VENDA VALUES (68,3.36,'2024-07-23','2024-08-12');
INSERT INTO PRECO_VENDA VALUES (69,3.38,'2024-07-26','2024-08-15');
INSERT INTO PRECO_VENDA VALUES (70,3.4,'2024-07-29','2024-08-18');
INSERT INTO PRECO_VENDA VALUES (71,3.42,'2024-08-01','2024-08-21');
INSERT INTO PRECO_VENDA VALUES (72,3.44,'2024-08-04','2024-08-24');
INSERT INTO PRECO_VENDA VALUES (73,3.46,'2024-08-07','2024-08-27');
INSERT INTO PRECO_VENDA VALUES (74,3.48,'2024-08-10','2024-08-30');
INSERT INTO PRECO_VENDA VALUES (75,3.5,'2024-08-13','2024-09-02');
INSERT INTO PRECO_VENDA VALUES (76,3.52,'2024-08-16','2024-09-05');
INSERT INTO PRECO_VENDA VALUES (77,3.54,'2024-08-19','2024-09-08');
INSERT INTO PRECO_VENDA VALUES (78,3.56,'2024-08-22','2024-09-11');
INSERT INTO PRECO_VENDA VALUES (79,3.58,'2024-08-25','2024-09-14');
INSERT INTO PRECO_VENDA VALUES (80,3.6,'2024-08-28','2024-09-17');

-- 10. Povoamento da tabela PRODUCAO_PRODUTOR
INSERT INTO PRODUCAO_PRODUTOR VALUES (1,15,299.23,'2024-01-04');
INSERT INTO PRODUCAO_PRODUTOR VALUES (2,79,267.31,'2024-01-07');
INSERT INTO PRODUCAO_PRODUTOR VALUES (3,11,226.46,'2024-01-10');
INSERT INTO PRODUCAO_PRODUTOR VALUES (4,41,325.4,'2024-01-13');
INSERT INTO PRODUCAO_PRODUTOR VALUES (5,18,304.7,'2024-01-16');
INSERT INTO PRODUCAO_PRODUTOR VALUES (6,52,204.4,'2024-01-19');
INSERT INTO PRODUCAO_PRODUTOR VALUES (7,6,311.94,'2024-01-22');
INSERT INTO PRODUCAO_PRODUTOR VALUES (8,55,342.75,'2024-01-25');
INSERT INTO PRODUCAO_PRODUTOR VALUES (9,66,446.92,'2024-01-28');
INSERT INTO PRODUCAO_PRODUTOR VALUES (10,8,279.19,'2024-01-31');
INSERT INTO PRODUCAO_PRODUTOR VALUES (11,46,429.69,'2024-02-03');
INSERT INTO PRODUCAO_PRODUTOR VALUES (12,14,439.65,'2024-02-06');
INSERT INTO PRODUCAO_PRODUTOR VALUES (13,58,391.06,'2024-02-09');
INSERT INTO PRODUCAO_PRODUTOR VALUES (14,25,246.38,'2024-02-12');
INSERT INTO PRODUCAO_PRODUTOR VALUES (15,7,396.36,'2024-02-15');
INSERT INTO PRODUCAO_PRODUTOR VALUES (16,73,183.36,'2024-02-18');
INSERT INTO PRODUCAO_PRODUTOR VALUES (17,5,435.78,'2024-02-21');
INSERT INTO PRODUCAO_PRODUTOR VALUES (18,2,438.66,'2024-02-24');
INSERT INTO PRODUCAO_PRODUTOR VALUES (19,71,332.55,'2024-02-27');
INSERT INTO PRODUCAO_PRODUTOR VALUES (20,68,355.65,'2024-03-01');
INSERT INTO PRODUCAO_PRODUTOR VALUES (21,37,166.32,'2024-03-04');
INSERT INTO PRODUCAO_PRODUTOR VALUES (22,51,402.26,'2024-03-07');
INSERT INTO PRODUCAO_PRODUTOR VALUES (23,74,231.02,'2024-03-10');
INSERT INTO PRODUCAO_PRODUTOR VALUES (24,75,176.79,'2024-03-13');
INSERT INTO PRODUCAO_PRODUTOR VALUES (25,32,390.31,'2024-03-16');
INSERT INTO PRODUCAO_PRODUTOR VALUES (26,24,323.37,'2024-03-19');
INSERT INTO PRODUCAO_PRODUTOR VALUES (27,4,244.53,'2024-03-22');
INSERT INTO PRODUCAO_PRODUTOR VALUES (28,25,221.21,'2024-03-25');
INSERT INTO PRODUCAO_PRODUTOR VALUES (29,36,422.36,'2024-03-28');
INSERT INTO PRODUCAO_PRODUTOR VALUES (30,22,357.22,'2024-03-31');
INSERT INTO PRODUCAO_PRODUTOR VALUES (31,70,190.42,'2024-04-03');
INSERT INTO PRODUCAO_PRODUTOR VALUES (32,17,253.72,'2024-04-06');
INSERT INTO PRODUCAO_PRODUTOR VALUES (33,76,207.79,'2024-04-09');
INSERT INTO PRODUCAO_PRODUTOR VALUES (34,22,305.07,'2024-04-12');
INSERT INTO PRODUCAO_PRODUTOR VALUES (35,10,389.9,'2024-04-15');
INSERT INTO PRODUCAO_PRODUTOR VALUES (36,72,261.33,'2024-04-18');
INSERT INTO PRODUCAO_PRODUTOR VALUES (37,8,329.1,'2024-04-21');
INSERT INTO PRODUCAO_PRODUTOR VALUES (38,12,196.35,'2024-04-24');
INSERT INTO PRODUCAO_PRODUTOR VALUES (39,56,399.41,'2024-04-27');
INSERT INTO PRODUCAO_PRODUTOR VALUES (40,68,335.64,'2024-04-30');
INSERT INTO PRODUCAO_PRODUTOR VALUES (41,63,300.71,'2024-05-03');
INSERT INTO PRODUCAO_PRODUTOR VALUES (42,36,293.66,'2024-05-06');
INSERT INTO PRODUCAO_PRODUTOR VALUES (43,24,209.21,'2024-05-09');
INSERT INTO PRODUCAO_PRODUTOR VALUES (44,42,169.13,'2024-05-12');
INSERT INTO PRODUCAO_PRODUTOR VALUES (45,15,201.33,'2024-05-15');
INSERT INTO PRODUCAO_PRODUTOR VALUES (46,28,232.47,'2024-05-18');
INSERT INTO PRODUCAO_PRODUTOR VALUES (47,78,337.76,'2024-05-21');
INSERT INTO PRODUCAO_PRODUTOR VALUES (48,59,151.41,'2024-05-24');
INSERT INTO PRODUCAO_PRODUTOR VALUES (49,46,339.33,'2024-05-27');
INSERT INTO PRODUCAO_PRODUTOR VALUES (50,49,439.64,'2024-05-30');
INSERT INTO PRODUCAO_PRODUTOR VALUES (51,73,413.76,'2024-06-02');
INSERT INTO PRODUCAO_PRODUTOR VALUES (52,54,299.82,'2024-06-05');
INSERT INTO PRODUCAO_PRODUTOR VALUES (53,23,404.29,'2024-06-08');
INSERT INTO PRODUCAO_PRODUTOR VALUES (54,52,411.43,'2024-06-11');
INSERT INTO PRODUCAO_PRODUTOR VALUES (55,63,254.71,'2024-06-14');
INSERT INTO PRODUCAO_PRODUTOR VALUES (56,26,389.56,'2024-06-17');
INSERT INTO PRODUCAO_PRODUTOR VALUES (57,9,427.01,'2024-06-20');
INSERT INTO PRODUCAO_PRODUTOR VALUES (58,71,421.28,'2024-06-23');
INSERT INTO PRODUCAO_PRODUTOR VALUES (59,17,331.19,'2024-06-26');
INSERT INTO PRODUCAO_PRODUTOR VALUES (60,61,285.54,'2024-06-29');
INSERT INTO PRODUCAO_PRODUTOR VALUES (61,7,439.1,'2024-07-02');
INSERT INTO PRODUCAO_PRODUTOR VALUES (62,14,276.94,'2024-07-05');
INSERT INTO PRODUCAO_PRODUTOR VALUES (63,39,445.86,'2024-07-08');
INSERT INTO PRODUCAO_PRODUTOR VALUES (64,68,239.98,'2024-07-11');
INSERT INTO PRODUCAO_PRODUTOR VALUES (65,28,212.64,'2024-07-14');
INSERT INTO PRODUCAO_PRODUTOR VALUES (66,7,230.32,'2024-07-17');
INSERT INTO PRODUCAO_PRODUTOR VALUES (67,1,405.58,'2024-07-20');
INSERT INTO PRODUCAO_PRODUTOR VALUES (68,31,421.09,'2024-07-23');
INSERT INTO PRODUCAO_PRODUTOR VALUES (69,28,248.64,'2024-07-26');
INSERT INTO PRODUCAO_PRODUTOR VALUES (70,36,371.55,'2024-07-29');
INSERT INTO PRODUCAO_PRODUTOR VALUES (71,59,297.85,'2024-08-01');
INSERT INTO PRODUCAO_PRODUTOR VALUES (72,41,436.09,'2024-08-04');
INSERT INTO PRODUCAO_PRODUTOR VALUES (73,78,319.71,'2024-08-07');
INSERT INTO PRODUCAO_PRODUTOR VALUES (74,2,283.18,'2024-08-10');
INSERT INTO PRODUCAO_PRODUTOR VALUES (75,76,243.3,'2024-08-13');
INSERT INTO PRODUCAO_PRODUTOR VALUES (76,14,444.61,'2024-08-16');
INSERT INTO PRODUCAO_PRODUTOR VALUES (77,54,282.06,'2024-08-19');
INSERT INTO PRODUCAO_PRODUTOR VALUES (78,54,290.79,'2024-08-22');
INSERT INTO PRODUCAO_PRODUTOR VALUES (79,23,304.75,'2024-08-25');
INSERT INTO PRODUCAO_PRODUTOR VALUES (80,49,171.02,'2024-08-28');

-- 11. Povoamento da tabela PRODUCAO_LOCAL
INSERT INTO PRODUCAO_LOCAL VALUES (1,58,378.06,5.63,372.43,'2024-01-04');
INSERT INTO PRODUCAO_LOCAL VALUES (2,48,604.67,20.94,583.73,'2024-01-07');
INSERT INTO PRODUCAO_LOCAL VALUES (3,74,789.77,33.1,756.67,'2024-01-10');
INSERT INTO PRODUCAO_LOCAL VALUES (4,58,776.64,5.61,771.03,'2024-01-13');
INSERT INTO PRODUCAO_LOCAL VALUES (5,76,427.31,24.33,402.98,'2024-01-16');
INSERT INTO PRODUCAO_LOCAL VALUES (6,76,749.91,32.82,717.09,'2024-01-19');
INSERT INTO PRODUCAO_LOCAL VALUES (7,41,410.93,45.69,365.24,'2024-01-22');
INSERT INTO PRODUCAO_LOCAL VALUES (8,68,417.95,48.44,369.51,'2024-01-25');
INSERT INTO PRODUCAO_LOCAL VALUES (9,38,671.51,38.38,633.13,'2024-01-28');
INSERT INTO PRODUCAO_LOCAL VALUES (10,71,522.09,13.04,509.05,'2024-01-31');
INSERT INTO PRODUCAO_LOCAL VALUES (11,69,370.23,37.13,333.1,'2024-02-03');
INSERT INTO PRODUCAO_LOCAL VALUES (12,74,786.85,17.36,769.49,'2024-02-06');
INSERT INTO PRODUCAO_LOCAL VALUES (13,79,508.22,25.02,483.20,'2024-02-09');
INSERT INTO PRODUCAO_LOCAL VALUES (14,59,311.4,12.72,298.68,'2024-02-12');
INSERT INTO PRODUCAO_LOCAL VALUES (15,49,485.68,11.0,474.68,'2024-02-15');
INSERT INTO PRODUCAO_LOCAL VALUES (16,49,405.53,10.1,395.43,'2024-02-18');
INSERT INTO PRODUCAO_LOCAL VALUES (17,20,542.73,19.61,523.12,'2024-02-21');
INSERT INTO PRODUCAO_LOCAL VALUES (18,35,705.24,28.12,677.12,'2024-02-24');
INSERT INTO PRODUCAO_LOCAL VALUES (19,40,733.07,28.05,705.02,'2024-02-27');
INSERT INTO PRODUCAO_LOCAL VALUES (20,55,748.26,21.0,727.26,'2024-03-01');
INSERT INTO PRODUCAO_LOCAL VALUES (21,38,780.09,12.97,767.12,'2024-03-04');
INSERT INTO PRODUCAO_LOCAL VALUES (22,6,741.04,17.74,723.3,'2024-03-07');
INSERT INTO PRODUCAO_LOCAL VALUES (23,34,702.52,14.54,687.98,'2024-03-10');
INSERT INTO PRODUCAO_LOCAL VALUES (24,32,561.6,37.97,523.63,'2024-03-13');
INSERT INTO PRODUCAO_LOCAL VALUES (25,39,305.59,6.24,299.35,'2024-03-16');
INSERT INTO PRODUCAO_LOCAL VALUES (26,75,705.03,22.76,682.27,'2024-03-19');
INSERT INTO PRODUCAO_LOCAL VALUES (27,28,724.86,15.86,709.0,'2024-03-22');
INSERT INTO PRODUCAO_LOCAL VALUES (28,46,336.15,32.01,304.14,'2024-03-25');
INSERT INTO PRODUCAO_LOCAL VALUES (29,62,345.03,20.53,324.5,'2024-03-28');
INSERT INTO PRODUCAO_LOCAL VALUES (30,9,751.15,8.13,743.02,'2024-03-31');
INSERT INTO PRODUCAO_LOCAL VALUES (31,15,457.54,33.26,424.28,'2024-04-03');
INSERT INTO PRODUCAO_LOCAL VALUES (32,33,420.92,35.05,385.87,'2024-04-06');
INSERT INTO PRODUCAO_LOCAL VALUES (33,34,623.98,12.43,611.55,'2024-04-09');
INSERT INTO PRODUCAO_LOCAL VALUES (34,66,515.41,32.9,482.51,'2024-04-12');
INSERT INTO PRODUCAO_LOCAL VALUES (35,39,439.51,35.05,404.46,'2024-04-15');
INSERT INTO PRODUCAO_LOCAL VALUES (36,21,681.34,22.04,659.30,'2024-04-18');
INSERT INTO PRODUCAO_LOCAL VALUES (37,27,777.61,43.44,734.17,'2024-04-21');
INSERT INTO PRODUCAO_LOCAL VALUES (38,23,306.59,31.49,275.1,'2024-04-24');
INSERT INTO PRODUCAO_LOCAL VALUES (39,67,655.52,36.23,619.29,'2024-04-27');
INSERT INTO PRODUCAO_LOCAL VALUES (40,69,580.57,48.41,532.16,'2024-04-30');
INSERT INTO PRODUCAO_LOCAL VALUES (41,42,610.75,9.59,601.16,'2024-05-03');
INSERT INTO PRODUCAO_LOCAL VALUES (42,61,679.5,25.37,654.13,'2024-05-06');
INSERT INTO PRODUCAO_LOCAL VALUES (43,28,590.55,38.75,551.8,'2024-05-09');
INSERT INTO PRODUCAO_LOCAL VALUES (44,55,765.31,13.63,751.68,'2024-05-12');
INSERT INTO PRODUCAO_LOCAL VALUES (45,61,633.43,16.47,616.96,'2024-05-15');
INSERT INTO PRODUCAO_LOCAL VALUES (46,59,651.81,18.78,633.03,'2024-05-18');
INSERT INTO PRODUCAO_LOCAL VALUES (47,50,361.09,21.94,339.15,'2024-05-21');
INSERT INTO PRODUCAO_LOCAL VALUES (48,7,479.55,5.19,474.36,'2024-05-24');
INSERT INTO PRODUCAO_LOCAL VALUES (49,34,313.2,18.84,294.36,'2024-05-27');
INSERT INTO PRODUCAO_LOCAL VALUES (50,38,400.45,47.47,352.98,'2024-05-30');
INSERT INTO PRODUCAO_LOCAL VALUES (51,77,465.86,26.09,439.77,'2024-06-02');
INSERT INTO PRODUCAO_LOCAL VALUES (52,14,561.44,12.0,549.44,'2024-06-05');
INSERT INTO PRODUCAO_LOCAL VALUES (53,58,696.19,20.79,675.4,'2024-06-08');
INSERT INTO PRODUCAO_LOCAL VALUES (54,29,515.7,5.48,510.22,'2024-06-11');
INSERT INTO PRODUCAO_LOCAL VALUES (55,75,783.76,33.31,750.45,'2024-06-14');
INSERT INTO PRODUCAO_LOCAL VALUES (56,32,320.19,40.18,280.01,'2024-06-17');
INSERT INTO PRODUCAO_LOCAL VALUES (57,16,661.83,46.05,615.781,'2024-06-20');
INSERT INTO PRODUCAO_LOCAL VALUES (58,77,538.78,37.22,501.56,'2024-06-23');
INSERT INTO PRODUCAO_LOCAL VALUES (59,22,494.93,36.01,458.92,'2024-06-26');
INSERT INTO PRODUCAO_LOCAL VALUES (60,48,549.8,40.23,509.57,'2024-06-29');
INSERT INTO PRODUCAO_LOCAL VALUES (61,13,535.83,29.57,506.26,'2024-07-02');
INSERT INTO PRODUCAO_LOCAL VALUES (62,44,793.07,43.45,749.62,'2024-07-05');
INSERT INTO PRODUCAO_LOCAL VALUES (63,76,682.05,48.44,633.61,'2024-07-08');
INSERT INTO PRODUCAO_LOCAL VALUES (64,76,773.68,38.19,735.49,'2024-07-11');
INSERT INTO PRODUCAO_LOCAL VALUES (65,33,712.39,13.27,699.12,'2024-07-14');
INSERT INTO PRODUCAO_LOCAL VALUES (66,77,651.11,38.89,612.22,'2024-07-17');
INSERT INTO PRODUCAO_LOCAL VALUES (67,26,773.34,38.86,734.48,'2024-07-20');
INSERT INTO PRODUCAO_LOCAL VALUES (68,57,575.46,20.12,555.34,'2024-07-23');
INSERT INTO PRODUCAO_LOCAL VALUES (69,70,752.99,29.78,723.21,'2024-07-26');
INSERT INTO PRODUCAO_LOCAL VALUES (70,52,651.72,31.38,620.34,'2024-07-29');
INSERT INTO PRODUCAO_LOCAL VALUES (71,49,502.53,37.22,465.31,'2024-08-01');
INSERT INTO PRODUCAO_LOCAL VALUES (72,25,651.86,7.65,644.21,'2024-08-04');
INSERT INTO PRODUCAO_LOCAL VALUES (73,15,340.47,20.03,320.44,'2024-08-07');
INSERT INTO PRODUCAO_LOCAL VALUES (74,77,643.89,7.18,636.71,'2024-08-10');
INSERT INTO PRODUCAO_LOCAL VALUES (75,11,325.72,28.68,297.04,'2024-08-13');
INSERT INTO PRODUCAO_LOCAL VALUES (76,22,641.55,47.25,594.3,'2024-08-16');
INSERT INTO PRODUCAO_LOCAL VALUES (77,74,610.37,37.48,572.89,'2024-08-19');
INSERT INTO PRODUCAO_LOCAL VALUES (78,29,739.41,6.01,733.4,'2024-08-22');
INSERT INTO PRODUCAO_LOCAL VALUES (79,56,401.92,24.6,377.32,'2024-08-25');
INSERT INTO PRODUCAO_LOCAL VALUES (80,40,671.66,26.16,645.5,'2024-08-28');
	
-- 12. Povoamento da tabela CALCULO_RECEITA
INSERT INTO CALCULO_RECEITA(id_calculo,id_producao_produtor,id_producao_local,id_preco_venda) VALUES (1,1,1,1);
INSERT INTO CALCULO_RECEITA(id_calculo,id_producao_produtor,id_producao_local,id_preco_venda) VALUES (2,2,2,2);
INSERT INTO CALCULO_RECEITA(id_calculo,id_producao_produtor,id_producao_local,id_preco_venda) VALUES (3,3,3,3);
INSERT INTO CALCULO_RECEITA(id_calculo,id_producao_produtor,id_producao_local,id_preco_venda) VALUES (4,4,4,4);
INSERT INTO CALCULO_RECEITA(id_calculo,id_producao_produtor,id_producao_local,id_preco_venda) VALUES (5,5,5,5);
INSERT INTO CALCULO_RECEITA(id_calculo,id_producao_produtor,id_producao_local,id_preco_venda) VALUES (6,6,6,6);
INSERT INTO CALCULO_RECEITA(id_calculo,id_producao_produtor,id_producao_local,id_preco_venda) VALUES (7,7,7,7);
INSERT INTO CALCULO_RECEITA(id_calculo,id_producao_produtor,id_producao_local,id_preco_venda) VALUES (8,8,8,8);
INSERT INTO CALCULO_RECEITA(id_calculo,id_producao_produtor,id_producao_local,id_preco_venda) VALUES (9,9,9,9);
INSERT INTO CALCULO_RECEITA(id_calculo,id_producao_produtor,id_producao_local,id_preco_venda) VALUES (10,10,10,10);
INSERT INTO CALCULO_RECEITA(id_calculo,id_producao_produtor,id_producao_local,id_preco_venda) VALUES (11,11,11,11);
INSERT INTO CALCULO_RECEITA(id_calculo,id_producao_produtor,id_producao_local,id_preco_venda) VALUES (12,12,12,12);
INSERT INTO CALCULO_RECEITA(id_calculo,id_producao_produtor,id_producao_local,id_preco_venda) VALUES (13,13,13,13);
INSERT INTO CALCULO_RECEITA(id_calculo,id_producao_produtor,id_producao_local,id_preco_venda) VALUES (14,14,14,14);
INSERT INTO CALCULO_RECEITA(id_calculo,id_producao_produtor,id_producao_local,id_preco_venda) VALUES (15,15,15,15);
INSERT INTO CALCULO_RECEITA(id_calculo,id_producao_produtor,id_producao_local,id_preco_venda) VALUES (16,16,16,16);
INSERT INTO CALCULO_RECEITA(id_calculo,id_producao_produtor,id_producao_local,id_preco_venda) VALUES (17,17,17,17);
INSERT INTO CALCULO_RECEITA(id_calculo,id_producao_produtor,id_producao_local,id_preco_venda) VALUES (18,18,18,18);
INSERT INTO CALCULO_RECEITA(id_calculo,id_producao_produtor,id_producao_local,id_preco_venda) VALUES (19,19,19,19);
INSERT INTO CALCULO_RECEITA(id_calculo,id_producao_produtor,id_producao_local,id_preco_venda) VALUES (20,20,20,20);
INSERT INTO CALCULO_RECEITA(id_calculo,id_producao_produtor,id_producao_local,id_preco_venda) VALUES (21,21,21,21);
INSERT INTO CALCULO_RECEITA(id_calculo,id_producao_produtor,id_producao_local,id_preco_venda) VALUES (22,22,22,22);
INSERT INTO CALCULO_RECEITA(id_calculo,id_producao_produtor,id_producao_local,id_preco_venda) VALUES (23,23,23,23);
INSERT INTO CALCULO_RECEITA(id_calculo,id_producao_produtor,id_producao_local,id_preco_venda) VALUES (24,24,24,24);
INSERT INTO CALCULO_RECEITA(id_calculo,id_producao_produtor,id_producao_local,id_preco_venda) VALUES (25,25,25,25);
INSERT INTO CALCULO_RECEITA(id_calculo,id_producao_produtor,id_producao_local,id_preco_venda) VALUES (26,26,26,26);
INSERT INTO CALCULO_RECEITA(id_calculo,id_producao_produtor,id_producao_local,id_preco_venda) VALUES (27,27,27,27);
INSERT INTO CALCULO_RECEITA(id_calculo,id_producao_produtor,id_producao_local,id_preco_venda) VALUES (28,28,28,28);
INSERT INTO CALCULO_RECEITA(id_calculo,id_producao_produtor,id_producao_local,id_preco_venda) VALUES (29,29,29,29);
INSERT INTO CALCULO_RECEITA(id_calculo,id_producao_produtor,id_producao_local,id_preco_venda) VALUES (30,30,30,30);
INSERT INTO CALCULO_RECEITA(id_calculo,id_producao_produtor,id_producao_local,id_preco_venda) VALUES (31,31,31,31);
INSERT INTO CALCULO_RECEITA(id_calculo,id_producao_produtor,id_producao_local,id_preco_venda) VALUES (32,32,32,32);
INSERT INTO CALCULO_RECEITA(id_calculo,id_producao_produtor,id_producao_local,id_preco_venda) VALUES (33,33,33,33);
INSERT INTO CALCULO_RECEITA(id_calculo,id_producao_produtor,id_producao_local,id_preco_venda) VALUES (34,34,34,34);
INSERT INTO CALCULO_RECEITA(id_calculo,id_producao_produtor,id_producao_local,id_preco_venda) VALUES (35,35,35,35);
INSERT INTO CALCULO_RECEITA(id_calculo,id_producao_produtor,id_producao_local,id_preco_venda) VALUES (36,36,36,36);
INSERT INTO CALCULO_RECEITA(id_calculo,id_producao_produtor,id_producao_local,id_preco_venda) VALUES (37,37,37,37);
INSERT INTO CALCULO_RECEITA(id_calculo,id_producao_produtor,id_producao_local,id_preco_venda) VALUES (38,38,38,38);
INSERT INTO CALCULO_RECEITA(id_calculo,id_producao_produtor,id_producao_local,id_preco_venda) VALUES (39,39,39,39);
INSERT INTO CALCULO_RECEITA(id_calculo,id_producao_produtor,id_producao_local,id_preco_venda) VALUES (40,40,40,40);
INSERT INTO CALCULO_RECEITA(id_calculo,id_producao_produtor,id_producao_local,id_preco_venda) VALUES (41,41,41,41);
INSERT INTO CALCULO_RECEITA(id_calculo,id_producao_produtor,id_producao_local,id_preco_venda) VALUES (42,42,42,42);
INSERT INTO CALCULO_RECEITA(id_calculo,id_producao_produtor,id_producao_local,id_preco_venda) VALUES (43,43,43,43);
INSERT INTO CALCULO_RECEITA(id_calculo,id_producao_produtor,id_producao_local,id_preco_venda) VALUES (44,44,44,44);
INSERT INTO CALCULO_RECEITA(id_calculo,id_producao_produtor,id_producao_local,id_preco_venda) VALUES (45,45,45,45);
INSERT INTO CALCULO_RECEITA(id_calculo,id_producao_produtor,id_producao_local,id_preco_venda) VALUES (46,46,46,46);
INSERT INTO CALCULO_RECEITA(id_calculo,id_producao_produtor,id_producao_local,id_preco_venda) VALUES (47,47,47,47);
INSERT INTO CALCULO_RECEITA(id_calculo,id_producao_produtor,id_producao_local,id_preco_venda) VALUES (48,48,48,48);
INSERT INTO CALCULO_RECEITA(id_calculo,id_producao_produtor,id_producao_local,id_preco_venda) VALUES (49,49,49,49);
INSERT INTO CALCULO_RECEITA(id_calculo,id_producao_produtor,id_producao_local,id_preco_venda) VALUES (50,50,50,50);
INSERT INTO CALCULO_RECEITA(id_calculo,id_producao_produtor,id_producao_local,id_preco_venda) VALUES (51,51,51,51);
INSERT INTO CALCULO_RECEITA(id_calculo,id_producao_produtor,id_producao_local,id_preco_venda) VALUES (52,52,52,52);
INSERT INTO CALCULO_RECEITA(id_calculo,id_producao_produtor,id_producao_local,id_preco_venda) VALUES (53,53,53,53);
INSERT INTO CALCULO_RECEITA(id_calculo,id_producao_produtor,id_producao_local,id_preco_venda) VALUES (54,54,54,54);
INSERT INTO CALCULO_RECEITA(id_calculo,id_producao_produtor,id_producao_local,id_preco_venda) VALUES (55,55,55,55);
INSERT INTO CALCULO_RECEITA(id_calculo,id_producao_produtor,id_producao_local,id_preco_venda) VALUES (56,56,56,56);
INSERT INTO CALCULO_RECEITA(id_calculo,id_producao_produtor,id_producao_local,id_preco_venda) VALUES (57,57,57,57);
INSERT INTO CALCULO_RECEITA(id_calculo,id_producao_produtor,id_producao_local,id_preco_venda) VALUES (58,58,58,58);
INSERT INTO CALCULO_RECEITA(id_calculo,id_producao_produtor,id_producao_local,id_preco_venda) VALUES (59,59,59,59);
INSERT INTO CALCULO_RECEITA(id_calculo,id_producao_produtor,id_producao_local,id_preco_venda) VALUES (60,60,60,60);
INSERT INTO CALCULO_RECEITA(id_calculo,id_producao_produtor,id_producao_local,id_preco_venda) VALUES (61,61,61,61);
INSERT INTO CALCULO_RECEITA(id_calculo,id_producao_produtor,id_producao_local,id_preco_venda) VALUES (62,62,62,62);
INSERT INTO CALCULO_RECEITA(id_calculo,id_producao_produtor,id_producao_local,id_preco_venda) VALUES (63,63,63,63);
INSERT INTO CALCULO_RECEITA(id_calculo,id_producao_produtor,id_producao_local,id_preco_venda) VALUES (64,64,64,64);
INSERT INTO CALCULO_RECEITA(id_calculo,id_producao_produtor,id_producao_local,id_preco_venda) VALUES (65,65,65,65);
INSERT INTO CALCULO_RECEITA(id_calculo,id_producao_produtor,id_producao_local,id_preco_venda) VALUES (66,66,66,66);
INSERT INTO CALCULO_RECEITA(id_calculo,id_producao_produtor,id_producao_local,id_preco_venda) VALUES (67,67,67,67);
INSERT INTO CALCULO_RECEITA(id_calculo,id_producao_produtor,id_producao_local,id_preco_venda) VALUES (68,68,68,68);
INSERT INTO CALCULO_RECEITA(id_calculo,id_producao_produtor,id_producao_local,id_preco_venda) VALUES (69,69,69,69);
INSERT INTO CALCULO_RECEITA(id_calculo,id_producao_produtor,id_producao_local,id_preco_venda) VALUES (70,70,70,70);
INSERT INTO CALCULO_RECEITA(id_calculo,id_producao_produtor,id_producao_local,id_preco_venda) VALUES (71,71,71,71);
INSERT INTO CALCULO_RECEITA(id_calculo,id_producao_produtor,id_producao_local,id_preco_venda) VALUES (72,72,72,72);
INSERT INTO CALCULO_RECEITA(id_calculo,id_producao_produtor,id_producao_local,id_preco_venda) VALUES (73,73,73,73);
INSERT INTO CALCULO_RECEITA(id_calculo,id_producao_produtor,id_producao_local,id_preco_venda) VALUES (74,74,74,74);
INSERT INTO CALCULO_RECEITA(id_calculo,id_producao_produtor,id_producao_local,id_preco_venda) VALUES (75,75,75,75);
INSERT INTO CALCULO_RECEITA(id_calculo,id_producao_produtor,id_producao_local,id_preco_venda) VALUES (76,76,76,76);
INSERT INTO CALCULO_RECEITA(id_calculo,id_producao_produtor,id_producao_local,id_preco_venda) VALUES (77,77,77,77);
INSERT INTO CALCULO_RECEITA(id_calculo,id_producao_produtor,id_producao_local,id_preco_venda) VALUES (78,78,78,78);
INSERT INTO CALCULO_RECEITA(id_calculo,id_producao_produtor,id_producao_local,id_preco_venda) VALUES (79,79,79,79);
INSERT INTO CALCULO_RECEITA(id_calculo,id_producao_produtor,id_producao_local,id_preco_venda) VALUES (80,80,80,80);

/* --------------------------
		Consultas SQL        |
----------------------------- */

-- 1. Usuário com mais tentativas de login falhas
SELECT u.nome, COUNT(*) AS falhas
FROM LOG_ACESSO l
JOIN USUARIO u ON u.id_usuario = l.id_usuario
WHERE l.status_tentativa = 'FALHA'
GROUP BY u.nome
ORDER BY falhas DESC;

-- 2. IPs de origem com mais tentativas falhas de login
SELECT l.ip_origem, COUNT(*) AS falhas
FROM LOG_ACESSO l
WHERE l.status_tentativa = 'FALHA'
GROUP BY l.ip_origem
ORDER BY falhas DESC;

-- 3. Consulta ordenada do valor total de despesas por tipo
SELECT tipo_despesa, SUM(valor) AS total
FROM DESPESA
GROUP BY tipo_despesa
ORDER BY total DESC;

-- 4. Ranking de despesas pessoais por tipo
SELECT dp.tipo_pessoal, COUNT(*) AS qtd_registros, SUM(d.valor) AS total
FROM DESPESA_PESSOAL dp
JOIN DESPESA d ON d.id_despesa = dp.id_despesa
GROUP BY dp.tipo_pessoal
ORDER BY total DESC;

-- 5. Ranking de despesas com utilidades por tipo
SELECT du.tipo_utilidade, COUNT(*) AS qtd_registros, SUM(d.valor) AS total
FROM DESPESA_UTILIDADE du
JOIN DESPESA d ON d.id_despesa = du.id_despesa
GROUP BY du.tipo_utilidade
ORDER BY total DESC;

-- 6. Ranking de despesas com insumos por tipo
SELECT di.nome_insumo AS insumo, COUNT(*) AS qtd_registros, 
		SUM(di.quantidade) AS total_quantidade, 
		SUM(di.preco_unitario) AS total_preco_unitario,
       (SUM(di.quantidade) * SUM(di.preco_unitario)) AS custo_total
FROM DESPESA_INSUMO di
GROUP BY di.nome_insumo
ORDER BY custo_total DESC;

-- 7. Ranking de despesas com operacional por tipo
SELECT dop.tipo_operacional, COUNT(*) AS qtd_registros, SUM(d.valor) AS total
FROM DESPESA_OPERACIONAL dop
JOIN DESPESA d ON d.id_despesa = dop.id_despesa
GROUP BY dop.tipo_operacional
ORDER BY total DESC;

-- 8. Quantidade total do tanque (Produtor + Local)
SELECT 
    pp.quantidade_litro AS produtor,
    pl.quantidade_total_litro AS local,
	(pp.quantidade_litro + pl.quantidade_total_litro) AS tanque,
    pp.data_producao
FROM CALCULO_RECEITA c
JOIN PRODUCAO_PRODUTOR pp ON pp.id_producao_produtor = c.id_producao_produtor
JOIN PRODUCAO_LOCAL pl ON pl.id_producao_local = c.id_producao_local
ORDER BY pp.data_producao;

-- 9. Consulta ordenada de colaboradores que mais registraram produção de leite 
SELECT u.nome AS colaborador, SUM(pp.quantidade_litro) AS total_litros
FROM PRODUCAO_PRODUTOR pp
JOIN USUARIO u ON u.id_usuario = pp.id_usuario
GROUP BY u.nome
ORDER BY total_litros DESC;

-- 10. Receita potencial total calculada
SELECT 
    c.id_calculo,
	pv.valor_unitario as preco_venda,
	(pp.quantidade_litro + pl.quantidade_total_litro) AS tanque,
    (pp.quantidade_litro + pl.quantidade_total_litro) * pv.valor_unitario
        AS receita_calculada
FROM CALCULO_RECEITA c
JOIN PRODUCAO_PRODUTOR pp ON pp.id_producao_produtor = c.id_producao_produtor
JOIN PRODUCAO_LOCAL pl ON pl.id_producao_local = c.id_producao_local
JOIN PRECO_VENDA pv ON pv.id_preco_venda = c.id_preco_venda;

-- 11. Receita média diária
SELECT AVG((pp.quantidade_litro + pl.quantidade_total_litro) * pv.valor_unitario) AS receita_media
FROM CALCULO_RECEITA c
JOIN PRODUCAO_PRODUTOR pp ON pp.id_producao_produtor = c.id_producao_produtor
JOIN PRODUCAO_LOCAL pl ON pl.id_producao_local = c.id_producao_local
JOIN PRECO_VENDA pv ON pv.id_preco_venda = c.id_preco_venda

-- 12. Maior receita obtida em um único dia
SELECT pv.data_vigencia_inicio AS data,
    (pp.quantidade_litro + pl.quantidade_total_litro) * pv.valor_unitario AS receita
FROM CALCULO_RECEITA c
JOIN PRODUCAO_PRODUTOR pp ON pp.id_producao_produtor = c.id_producao_produtor
JOIN PRODUCAO_LOCAL pl ON pl.id_producao_local = c.id_producao_local
JOIN PRECO_VENDA pv ON pv.id_preco_venda = c.id_preco_venda
WHERE (pp.quantidade_litro + pl.quantidade_total_litro) * pv.valor_unitario =
      (SELECT MAX(
          (pp2.quantidade_litro + pl2.quantidade_total_litro) * pv2.valor_unitario
       )
       FROM CALCULO_RECEITA c2
       JOIN PRODUCAO_PRODUTOR pp2 ON pp2.id_producao_produtor = c2.id_producao_produtor
       JOIN PRODUCAO_LOCAL pl2 ON pl2.id_producao_local = c2.id_producao_local
       JOIN PRECO_VENDA pv2 ON pv2.id_preco_venda = c2.id_preco_venda);